# generated from /usr/share/fonts/opentype/unifont/unifont.otf by tools/py/bake_font.py -- do not edit
font 1
upem 64
bake 64 50
asc 56
desc -8
line 64
glyphs 197
glyph 32 32 0
glyph 33 32 8
  16 40 16 12
  16 12 20 12
  20 12 20 40
  20 40 16 40
  16 8 16 0
  16 0 20 0
  20 0 20 8
  20 8 16 8
glyph 34 32 8
  8 48 8 32
  8 32 12 32
  12 32 12 48
  12 48 8 48
  24 48 24 32
  24 32 28 32
  28 32 28 48
  28 48 24 48
glyph 35 32 28
  12 40 12 28
  12 28 4 28
  4 28 4 24
  4 24 8 24
  8 24 8 16
  8 16 4 16
  4 16 4 0
  4 0 8 0
  8 0 8 12
  8 12 16 12
  16 12 16 0
  16 0 20 0
  20 0 20 12
  20 12 28 12
  28 12 28 16
  28 16 24 16
  24 16 24 24
  24 24 28 24
  28 24 28 40
  28 40 24 40
  24 40 24 28
  24 28 16 28
  16 28 16 40
  16 40 12 40
  12 24 20 24
  20 24 20 16
  20 16 12 16
  12 16 12 24
glyph 36 32 44
  16 40 16 36
  16 36 8 36
  8 36 8 32
  8 32 4 32
  4 32 4 24
  4 24 8 24
  8 24 8 32
  8 32 16 32
  16 32 16 24
  16 24 8 24
  8 24 8 20
  8 20 16 20
  16 20 16 8
  16 8 8 8
  8 8 8 12
  8 12 4 12
  4 12 4 8
  4 8 8 8
  8 8 8 4
  8 4 16 4
  16 4 16 0
  16 0 20 0
  20 0 20 4
  20 4 28 4
  28 4 28 8
  28 8 32 8
  32 8 32 16
  32 16 28 16
  28 16 28 8
  28 8 20 8
  20 8 20 16
  20 16 28 16
  28 16 28 20
  28 20 20 20
  20 20 20 32
  20 32 28 32
  28 32 28 28
  28 28 32 28
  32 28 32 32
  32 32 28 32
  28 32 28 36
  28 36 20 36
  20 36 20 40
  20 40 16 40
glyph 37 32 60
  8 40 8 36
  8 36 4 36
  4 36 4 28
  4 28 8 28
  8 28 8 24
  8 24 16 24
  16 24 16 16
  16 16 12 16
  12 16 12 12
  12 12 8 12
  8 12 8 4
  8 4 4 4
  4 4 4 0
  4 0 8 0
  8 0 8 4
  8 4 12 4
  12 4 12 12
  12 12 16 12
  16 12 16 4
  16 4 20 4
  20 4 20 0
  20 0 28 0
  28 0 28 4
  28 4 20 4
  20 4 20 12
  20 12 16 12
  16 12 16 16
  16 16 20 16
  20 16 20 12
  20 12 28 12
  28 12 28 4
  28 4 32 4
  32 4 32 12
  32 12 28 12
  28 12 28 16
  28 16 20 16
  20 16 20 24
  20 24 16 24
  16 24 16 28
  16 28 8 28
  8 28 8 36
  8 36 16 36
  16 36 16 28
  16 28 20 28
  20 28 20 24
  20 24 24 24
  24 24 24 28
  24 28 28 28
  28 28 28 36
  28 36 32 36
  32 36 32 40
  32 40 28 40
  28 40 28 36
  28 36 24 36
  24 36 24 28
  24 28 20 28
  20 28 20 36
  20 36 16 36
  16 36 16 40
  16 40 8 40
glyph 38 32 54
  12 40 12 36
  12 36 8 36
  8 36 8 28
  8 28 12 28
  12 28 12 20
  12 20 8 20
  8 20 8 16
  8 16 4 16
  4 16 4 4
  4 4 8 4
  8 4 8 16
  8 16 12 16
  12 16 12 20
  12 20 16 20
  16 20 16 16
  16 16 20 16
  20 16 20 12
  20 12 24 12
  24 12 24 8
  24 8 20 8
  20 8 20 4
  20 4 8 4
  8 4 8 0
  8 0 20 0
  20 0 20 4
  20 4 28 4
  28 4 28 0
  28 0 32 0
  32 0 32 4
  32 4 28 4
  28 4 28 12
  28 12 32 12
  32 12 32 20
  32 20 28 20
  28 20 28 12
  28 12 24 12
  24 12 24 16
  24 16 20 16
  20 16 20 24
  20 24 24 24
  24 24 24 28
  24 28 20 28
  20 28 20 24
  20 24 16 24
  16 24 16 28
  16 28 12 28
  12 28 12 36
  12 36 24 36
  24 36 24 28
  24 28 28 28
  28 28 28 36
  28 36 24 36
  24 36 24 40
  24 40 12 40
glyph 39 32 4
  16 48 16 32
  16 32 20 32
  20 32 20 48
  20 48 16 48
glyph 40 32 20
  20 44 20 40
  20 40 16 40
  16 40 16 32
  16 32 12 32
  12 32 12 8
  12 8 16 8
  16 8 16 0
  16 0 20 0
  20 0 20 -4
  20 -4 24 -4
  24 -4 24 0
  24 0 20 0
  20 0 20 8
  20 8 16 8
  16 8 16 32
  16 32 20 32
  20 32 20 40
  20 40 24 40
  24 40 24 44
  24 44 20 44
glyph 41 32 20
  8 44 8 40
  8 40 12 40
  12 40 12 32
  12 32 16 32
  16 32 16 8
  16 8 12 8
  12 8 12 0
  12 0 8 0
  8 0 8 -4
  8 -4 12 -4
  12 -4 12 0
  12 0 16 0
  16 0 16 8
  16 8 20 8
  20 8 20 32
  20 32 16 32
  16 32 16 40
  16 40 12 40
  12 40 12 44
  12 44 8 44
glyph 42 32 44
  16 32 16 20
  16 20 12 20
  12 20 12 24
  12 24 8 24
  8 24 8 28
  8 28 4 28
  4 28 4 24
  4 24 8 24
  8 24 8 20
  8 20 12 20
  12 20 12 16
  12 16 8 16
  8 16 8 12
  8 12 4 12
  4 12 4 8
  4 8 8 8
  8 8 8 12
  8 12 12 12
  12 12 12 16
  12 16 16 16
  16 16 16 4
  16 4 20 4
  20 4 20 16
  20 16 24 16
  24 16 24 12
  24 12 28 12
  28 12 28 8
  28 8 32 8
  32 8 32 12
  32 12 28 12
  28 12 28 16
  28 16 24 16
  24 16 24 20
  24 20 28 20
  28 20 28 24
  28 24 32 24
  32 24 32 28
  32 28 28 28
  28 28 28 24
  28 24 24 24
  24 24 24 20
  24 20 20 20
  20 20 20 32
  20 32 16 32
glyph 43 32 12
  16 32 16 20
  16 20 4 20
  4 20 4 16
  4 16 16 16
  16 16 16 4
  16 4 20 4
  20 4 20 16
  20 16 32 16
  32 16 32 20
  32 20 20 20
  20 20 20 32
  20 32 16 32
glyph 44 32 10
  12 8 12 4
  12 4 16 4
  16 4 16 -4
  16 -4 12 -4
  12 -4 12 -8
  12 -8 16 -8
  16 -8 16 -4
  16 -4 20 -4
  20 -4 20 8
  20 8 12 8
glyph 45 32 4
  8 20 8 16
  8 16 24 16
  24 16 24 20
  24 20 8 20
glyph 46 32 4
  12 8 12 0
  12 0 20 0
  20 0 20 8
  20 8 12 8
glyph 47 32 24
  24 40 24 32
  24 32 20 32
  20 32 20 28
  20 28 16 28
  16 28 16 20
  16 20 12 20
  12 20 12 12
  12 12 8 12
  8 12 8 8
  8 8 4 8
  4 8 4 0
  4 0 8 0
  8 0 8 8
  8 8 12 8
  12 8 12 12
  12 12 16 12
  16 12 16 20
  16 20 20 20
  20 20 20 28
  20 28 24 28
  24 28 24 32
  24 32 28 32
  28 32 28 40
  28 40 24 40
glyph 48 32 48
  12 40 12 36
  12 36 8 36
  8 36 8 32
  8 32 4 32
  4 32 4 8
  4 8 8 8
  8 8 8 4
  8 4 12 4
  12 4 12 0
  12 0 20 0
  20 0 20 4
  20 4 12 4
  12 4 12 8
  12 8 8 8
  8 8 8 12
  8 12 12 12
  12 12 12 16
  12 16 16 16
  16 16 16 20
  16 20 12 20
  12 20 12 16
  12 16 8 16
  8 16 8 32
  8 32 12 32
  12 32 12 36
  12 36 20 36
  20 36 20 32
  20 32 24 32
  24 32 24 28
  24 28 20 28
  20 28 20 24
  20 24 16 24
  16 24 16 20
  16 20 20 20
  20 20 20 24
  20 24 24 24
  24 24 24 8
  24 8 20 8
  20 8 20 4
  20 4 24 4
  24 4 24 8
  24 8 28 8
  28 8 28 32
  28 32 24 32
  24 32 24 36
  24 36 20 36
  20 36 20 40
  20 40 12 40
glyph 49 32 16
  16 40 16 36
  16 36 12 36
  12 36 12 32
  12 32 8 32
  8 32 8 28
  8 28 12 28
  12 28 12 32
  12 32 16 32
  16 32 16 4
  16 4 8 4
  8 4 8 0
  8 0 28 0
  28 0 28 4
  28 4 20 4
  20 4 20 40
  20 40 16 40
glyph 50 32 30
  8 40 8 36
  8 36 4 36
  4 36 4 28
  4 28 8 28
  8 28 8 36
  8 36 24 36
  24 36 24 24
  24 24 16 24
  16 24 16 20
  16 20 12 20
  12 20 12 16
  12 16 8 16
  8 16 8 12
  8 12 4 12
  4 12 4 0
  4 0 28 0
  28 0 28 4
  28 4 8 4
  8 4 8 12
  8 12 12 12
  12 12 12 16
  12 16 16 16
  16 16 16 20
  16 20 24 20
  24 20 24 24
  24 24 28 24
  28 24 28 36
  28 36 24 36
  24 36 24 40
  24 40 8 40
glyph 51 32 28
  8 40 8 36
  8 36 4 36
  4 36 4 28
  4 28 8 28
  8 28 8 36
  8 36 24 36
  24 36 24 24
  24 24 12 24
  12 24 12 20
  12 20 24 20
  24 20 24 4
  24 4 8 4
  8 4 8 12
  8 12 4 12
  4 12 4 4
  4 4 8 4
  8 4 8 0
  8 0 24 0
  24 0 24 4
  24 4 28 4
  28 4 28 20
  28 20 24 20
  24 20 24 24
  24 24 28 24
  28 24 28 36
  28 36 24 36
  24 36 24 40
  24 40 8 40
glyph 52 32 26
  20 40 20 36
  20 36 16 36
  16 36 16 32
  16 32 20 32
  20 32 20 16
  20 16 8 16
  8 16 8 24
  8 24 12 24
  12 24 12 28
  12 28 16 28
  16 28 16 32
  16 32 12 32
  12 32 12 28
  12 28 8 28
  8 28 8 24
  8 24 4 24
  4 24 4 12
  4 12 20 12
  20 12 20 0
  20 0 24 0
  24 0 24 12
  24 12 28 12
  28 12 28 16
  28 16 24 16
  24 16 24 40
  24 40 20 40
glyph 53 32 20
  4 40 4 20
  4 20 24 20
  24 20 24 4
  24 4 8 4
  8 4 8 8
  8 8 4 8
  4 8 4 4
  4 4 8 4
  8 4 8 0
  8 0 24 0
  24 0 24 4
  24 4 28 4
  28 4 28 20
  28 20 24 20
  24 20 24 24
  24 24 8 24
  8 24 8 36
  8 36 28 36
  28 36 28 40
  28 40 4 40
glyph 54 32 24
  12 40 12 36
  12 36 8 36
  8 36 8 32
  8 32 4 32
  4 32 4 4
  4 4 8 4
  8 4 8 0
  8 0 24 0
  24 0 24 4
  24 4 28 4
  28 4 28 20
  28 20 24 20
  24 20 24 4
  24 4 8 4
  8 4 8 20
  8 20 24 20
  24 20 24 24
  24 24 8 24
  8 24 8 32
  8 32 12 32
  12 32 12 36
  12 36 24 36
  24 36 24 40
  24 40 12 40
glyph 55 32 14
  4 40 4 36
  4 36 24 36
  24 36 24 28
  24 28 20 28
  20 28 20 16
  20 16 16 16
  16 16 16 0
  16 0 20 0
  20 0 20 16
  20 16 24 16
  24 16 24 28
  24 28 28 28
  28 28 28 40
  28 40 4 40
glyph 56 32 28
  8 40 8 36
  8 36 4 36
  4 36 4 24
  4 24 8 24
  8 24 8 20
  8 20 4 20
  4 20 4 4
  4 4 8 4
  8 4 8 0
  8 0 24 0
  24 0 24 4
  24 4 8 4
  8 4 8 20
  8 20 24 20
  24 20 24 4
  24 4 28 4
  28 4 28 20
  28 20 24 20
  24 20 24 24
  24 24 8 24
  8 24 8 36
  8 36 24 36
  24 36 24 24
  24 24 28 24
  28 24 28 36
  28 36 24 36
  24 36 24 40
  24 40 8 40
glyph 57 32 24
  8 40 8 36
  8 36 4 36
  4 36 4 24
  4 24 8 24
  8 24 8 36
  8 36 24 36
  24 36 24 24
  24 24 8 24
  8 24 8 20
  8 20 24 20
  24 20 24 8
  24 8 20 8
  20 8 20 4
  20 4 8 4
  8 4 8 0
  8 0 20 0
  20 0 20 4
  20 4 24 4
  24 4 24 8
  24 8 28 8
  28 8 28 36
  28 36 24 36
  24 36 24 40
  24 40 8 40
glyph 58 32 8
  12 32 12 24
  12 24 20 24
  20 24 20 32
  20 32 12 32
  12 12 12 4
  12 4 20 4
  20 4 20 12
  20 12 12 12
glyph 59 32 14
  12 32 12 24
  12 24 20 24
  20 24 20 32
  20 32 12 32
  12 12 12 8
  12 8 16 8
  16 8 16 0
  16 0 12 0
  12 0 12 -4
  12 -4 16 -4
  16 -4 16 0
  16 0 20 0
  20 0 20 12
  20 12 12 12
glyph 60 32 36
  24 36 24 32
  24 32 20 32
  20 32 20 28
  20 28 16 28
  16 28 16 24
  16 24 12 24
  12 24 12 20
  12 20 8 20
  8 20 8 16
  8 16 12 16
  12 16 12 12
  12 12 16 12
  16 12 16 8
  16 8 20 8
  20 8 20 4
  20 4 24 4
  24 4 24 0
  24 0 28 0
  28 0 28 4
  28 4 24 4
  24 4 24 8
  24 8 20 8
  20 8 20 12
  20 12 16 12
  16 12 16 16
  16 16 12 16
  12 16 12 20
  12 20 16 20
  16 20 16 24
  16 24 20 24
  20 24 20 28
  20 28 24 28
  24 28 24 32
  24 32 28 32
  28 32 28 36
  28 36 24 36
glyph 61 32 8
  4 28 4 24
  4 24 28 24
  28 24 28 28
  28 28 4 28
  4 12 4 8
  4 8 28 8
  28 8 28 12
  28 12 4 12
glyph 62 32 36
  4 36 4 32
  4 32 8 32
  8 32 8 28
  8 28 12 28
  12 28 12 24
  12 24 16 24
  16 24 16 20
  16 20 20 20
  20 20 20 16
  20 16 16 16
  16 16 16 12
  16 12 12 12
  12 12 12 8
  12 8 8 8
  8 8 8 4
  8 4 4 4
  4 4 4 0
  4 0 8 0
  8 0 8 4
  8 4 12 4
  12 4 12 8
  12 8 16 8
  16 8 16 12
  16 12 20 12
  20 12 20 16
  20 16 24 16
  24 16 24 20
  24 20 20 20
  20 20 20 24
  20 24 16 24
  16 24 16 28
  16 28 12 28
  12 28 12 32
  12 32 8 32
  8 32 8 36
  8 36 4 36
glyph 63 32 24
  8 40 8 36
  8 36 4 36
  4 36 4 28
  4 28 8 28
  8 28 8 36
  8 36 24 36
  24 36 24 24
  24 24 20 24
  20 24 20 20
  20 20 16 20
  16 20 16 12
  16 12 20 12
  20 12 20 20
  20 20 24 20
  24 20 24 24
  24 24 28 24
  28 24 28 36
  28 36 24 36
  24 36 24 40
  24 40 8 40
  16 8 16 0
  16 0 20 0
  20 0 20 8
  20 8 16 8
glyph 64 32 38
  12 40 12 36
  12 36 8 36
  8 36 8 32
  8 32 4 32
  4 32 4 8
  4 8 8 8
  8 8 8 4
  8 4 12 4
  12 4 12 0
  12 0 28 0
  28 0 28 4
  28 4 12 4
  12 4 12 8
  12 8 8 8
  8 8 8 32
  8 32 12 32
  12 32 12 36
  12 36 24 36
  24 36 24 28
  24 28 20 28
  20 28 20 32
  20 32 16 32
  16 32 16 28
  16 28 20 28
  20 28 20 24
  20 24 24 24
  24 24 24 12
  24 12 16 12
  16 12 16 28
  16 28 12 28
  12 28 12 12
  12 12 16 12
  16 12 16 8
  16 8 28 8
  28 8 28 36
  28 36 24 36
  24 36 24 40
  24 40 12 40
glyph 65 32 24
  12 40 12 36
  12 36 20 36
  20 36 20 28
  20 28 24 28
  24 28 24 20
  24 20 8 20
  8 20 8 28
  8 28 12 28
  12 28 12 36
  12 36 8 36
  8 36 8 28
  8 28 4 28
  4 28 4 0
  4 0 8 0
  8 0 8 16
  8 16 24 16
  24 16 24 0
  24 0 28 0
  28 0 28 28
  28 28 24 28
  24 28 24 36
  24 36 20 36
  20 36 20 40
  20 40 12 40
glyph 66 32 20
  4 40 4 0
  4 0 24 0
  24 0 24 4
  24 4 28 4
  28 4 28 20
  28 20 24 20
  24 20 24 4
  24 4 8 4
  8 4 8 20
  8 20 24 20
  24 20 24 24
  24 24 28 24
  28 24 28 36
  28 36 24 36
  24 36 24 24
  24 24 8 24
  8 24 8 36
  8 36 24 36
  24 36 24 40
  24 40 4 40
glyph 67 32 20
  8 40 8 36
  8 36 4 36
  4 36 4 4
  4 4 8 4
  8 4 8 0
  8 0 24 0
  24 0 24 4
  24 4 28 4
  28 4 28 12
  28 12 24 12
  24 12 24 4
  24 4 8 4
  8 4 8 36
  8 36 24 36
  24 36 24 28
  24 28 28 28
  28 28 28 36
  28 36 24 36
  24 36 24 40
  24 40 8 40
glyph 68 32 20
  4 40 4 0
  4 0 20 0
  20 0 20 4
  20 4 24 4
  24 4 24 8
  24 8 28 8
  28 8 28 32
  28 32 24 32
  24 32 24 8
  24 8 20 8
  20 8 20 4
  20 4 8 4
  8 4 8 36
  8 36 20 36
  20 36 20 32
  20 32 24 32
  24 32 24 36
  24 36 20 36
  20 36 20 40
  20 40 4 40
glyph 69 32 12
  4 40 4 0
  4 0 28 0
  28 0 28 4
  28 4 8 4
  8 4 8 20
  8 20 24 20
  24 20 24 24
  24 24 8 24
  8 24 8 36
  8 36 28 36
  28 36 28 40
  28 40 4 40
glyph 70 32 10
  4 40 4 0
  4 0 8 0
  8 0 8 20
  8 20 24 20
  24 20 24 24
  24 24 8 24
  8 24 8 36
  8 36 28 36
  28 36 28 40
  28 40 4 40
glyph 71 32 26
  8 40 8 36
  8 36 4 36
  4 36 4 4
  4 4 8 4
  8 4 8 0
  8 0 20 0
  20 0 20 4
  20 4 24 4
  24 4 24 0
  24 0 28 0
  28 0 28 20
  28 20 16 20
  16 20 16 16
  16 16 24 16
  24 16 24 8
  24 8 20 8
  20 8 20 4
  20 4 8 4
  8 4 8 36
  8 36 24 36
  24 36 24 28
  24 28 28 28
  28 28 28 36
  28 36 24 36
  24 36 24 40
  24 40 8 40
glyph 72 32 12
  4 40 4 0
  4 0 8 0
  8 0 8 20
  8 20 24 20
  24 20 24 0
  24 0 28 0
  28 0 28 40
  28 40 24 40
  24 40 24 24
  24 24 8 24
  8 24 8 40
  8 40 4 40
glyph 73 32 12
  8 40 8 36
  8 36 16 36
  16 36 16 4
  16 4 8 4
  8 4 8 0
  8 0 28 0
  28 0 28 4
  28 4 20 4
  20 4 20 36
  20 36 28 36
  28 36 28 40
  28 40 8 40
glyph 74 32 16
  12 40 12 36
  12 36 20 36
  20 36 20 4
  20 4 8 4
  8 4 8 12
  8 12 4 12
  4 12 4 4
  4 4 8 4
  8 4 8 0
  8 0 20 0
  20 0 20 4
  20 4 24 4
  24 4 24 36
  24 36 32 36
  32 36 32 40
  32 40 12 40
glyph 75 32 40
  4 40 4 0
  4 0 8 0
  8 0 8 16
  8 16 12 16
  12 16 12 12
  12 12 16 12
  16 12 16 8
  16 8 20 8
  20 8 20 4
  20 4 24 4
  24 4 24 0
  24 0 28 0
  28 0 28 4
  28 4 24 4
  24 4 24 8
  24 8 20 8
  20 8 20 12
  20 12 16 12
  16 12 16 16
  16 16 12 16
  12 16 12 24
  12 24 16 24
  16 24 16 28
  16 28 20 28
  20 28 20 32
  20 32 24 32
  24 32 24 36
  24 36 28 36
  28 36 28 40
  28 40 24 40
  24 40 24 36
  24 36 20 36
  20 36 20 32
  20 32 16 32
  16 32 16 28
  16 28 12 28
  12 28 12 24
  12 24 8 24
  8 24 8 40
  8 40 4 40
glyph 76 32 6
  4 40 4 0
  4 0 28 0
  28 0 28 4
  28 4 8 4
  8 4 8 40
  8 40 4 40
glyph 77 32 20
  4 40 4 0
  4 0 8 0
  8 0 8 24
  8 24 12 24
  12 24 12 16
  12 16 20 16
  20 16 20 24
  20 24 24 24
  24 24 24 0
  24 0 28 0
  28 0 28 40
  28 40 24 40
  24 40 24 32
  24 32 20 32
  20 32 20 24
  20 24 12 24
  12 24 12 32
  12 32 8 32
  8 32 8 40
  8 40 4 40
glyph 78 32 24
  4 40 4 0
  4 0 8 0
  8 0 8 28
  8 28 12 28
  12 28 12 20
  12 20 16 20
  16 20 16 12
  16 12 20 12
  20 12 20 4
  20 4 24 4
  24 4 24 0
  24 0 28 0
  28 0 28 40
  28 40 24 40
  24 40 24 12
  24 12 20 12
  20 12 20 20
  20 20 16 20
  16 20 16 28
  16 28 12 28
  12 28 12 36
  12 36 8 36
  8 36 8 40
  8 40 4 40
glyph 79 32 16
  8 40 8 36
  8 36 4 36
  4 36 4 4
  4 4 8 4
  8 4 8 0
  8 0 24 0
  24 0 24 4
  24 4 8 4
  8 4 8 36
  8 36 24 36
  24 36 24 4
  24 4 28 4
  28 4 28 36
  28 36 24 36
  24 36 24 40
  24 40 8 40
glyph 80 32 14
  4 40 4 0
  4 0 8 0
  8 0 8 20
  8 20 24 20
  24 20 24 24
  24 24 28 24
  28 24 28 36
  28 36 24 36
  24 36 24 24
  24 24 8 24
  8 24 8 36
  8 36 24 36
  24 36 24 40
  24 40 4 40
glyph 81 32 28
  8 40 8 36
  8 36 24 36
  24 36 24 8
  24 8 20 8
  20 8 20 4
  20 4 12 4
  12 4 12 8
  12 8 20 8
  20 8 20 12
  20 12 12 12
  12 12 12 8
  12 8 8 8
  8 8 8 36
  8 36 4 36
  4 36 4 4
  4 4 8 4
  8 4 8 0
  8 0 24 0
  24 0 24 -4
  24 -4 32 -4
  32 -4 32 0
  32 0 24 0
  24 0 24 4
  24 4 28 4
  28 4 28 36
  28 36 24 36
  24 36 24 40
  24 40 8 40
glyph 82 32 26
  4 40 4 0
  4 0 8 0
  8 0 8 20
  8 20 16 20
  16 20 16 16
  16 16 20 16
  20 16 20 8
  20 8 24 8
  24 8 24 0
  24 0 28 0
  28 0 28 8
  28 8 24 8
  24 8 24 16
  24 16 20 16
  20 16 20 20
  20 20 24 20
  24 20 24 24
  24 24 28 24
  28 24 28 36
  28 36 24 36
  24 36 24 24
  24 24 8 24
  8 24 8 36
  8 36 24 36
  24 36 24 40
  24 40 4 40
glyph 83 32 32
  8 40 8 36
  8 36 4 36
  4 36 4 24
  4 24 8 24
  8 24 8 20
  8 20 16 20
  16 20 16 16
  16 16 24 16
  24 16 24 4
  24 4 8 4
  8 4 8 12
  8 12 4 12
  4 12 4 4
  4 4 8 4
  8 4 8 0
  8 0 24 0
  24 0 24 4
  24 4 28 4
  28 4 28 16
  28 16 24 16
  24 16 24 20
  24 20 16 20
  16 20 16 24
  16 24 8 24
  8 24 8 36
  8 36 24 36
  24 36 24 28
  24 28 28 28
  28 28 28 36
  28 36 24 36
  24 36 24 40
  24 40 8 40
glyph 84 32 8
  4 40 4 36
  4 36 16 36
  16 36 16 0
  16 0 20 0
  20 0 20 36
  20 36 32 36
  32 36 32 40
  32 40 4 40
glyph 85 32 12
  4 40 4 4
  4 4 8 4
  8 4 8 0
  8 0 24 0
  24 0 24 4
  24 4 28 4
  28 4 28 40
  28 40 24 40
  24 40 24 4
  24 4 8 4
  8 4 8 40
  8 40 4 40
glyph 86 32 28
  4 40 4 28
  4 28 8 28
  8 28 8 16
  8 16 12 16
  12 16 12 8
  12 8 16 8
  16 8 16 0
  16 0 20 0
  20 0 20 8
  20 8 24 8
  24 8 24 16
  24 16 28 16
  28 16 28 28
  28 28 32 28
  32 28 32 40
  32 40 28 40
  28 40 28 28
  28 28 24 28
  24 28 24 16
  24 16 20 16
  20 16 20 8
  20 8 16 8
  16 8 16 16
  16 16 12 16
  12 16 12 28
  12 28 8 28
  8 28 8 40
  8 40 4 40
glyph 87 32 20
  4 40 4 0
  4 0 8 0
  8 0 8 8
  8 8 12 8
  12 8 12 16
  12 16 20 16
  20 16 20 8
  20 8 24 8
  24 8 24 0
  24 0 28 0
  28 0 28 40
  28 40 24 40
  24 40 24 16
  24 16 20 16
  20 16 20 24
  20 24 12 24
  12 24 12 16
  12 16 8 16
  8 16 8 40
  8 40 4 40
glyph 88 32 36
  4 40 4 32
  4 32 8 32
  8 32 8 24
  8 24 12 24
  12 24 12 16
  12 16 8 16
  8 16 8 8
  8 8 4 8
  4 8 4 0
  4 0 8 0
  8 0 8 8
  8 8 12 8
  12 8 12 16
  12 16 20 16
  20 16 20 8
  20 8 24 8
  24 8 24 0
  24 0 28 0
  28 0 28 8
  28 8 24 8
  24 8 24 16
  24 16 20 16
  20 16 20 24
  20 24 24 24
  24 24 24 32
  24 32 28 32
  28 32 28 40
  28 40 24 40
  24 40 24 32
  24 32 20 32
  20 32 20 24
  20 24 12 24
  12 24 12 32
  12 32 8 32
  8 32 8 40
  8 40 4 40
glyph 89 32 28
  4 40 4 32
  4 32 8 32
  8 32 8 24
  8 24 12 24
  12 24 12 20
  12 20 16 20
  16 20 16 0
  16 0 20 0
  20 0 20 20
  20 20 24 20
  24 20 24 24
  24 24 28 24
  28 24 28 32
  28 32 32 32
  32 32 32 40
  32 40 28 40
  28 40 28 32
  28 32 24 32
  24 32 24 24
  24 24 20 24
  20 24 20 20
  20 20 16 20
  16 20 16 24
  16 24 12 24
  12 24 12 32
  12 32 8 32
  8 32 8 40
  8 40 4 40
glyph 90 32 28
  4 40 4 36
  4 36 24 36
  24 36 24 28
  24 28 20 28
  20 28 20 24
  20 24 16 24
  16 24 16 20
  16 20 12 20
  12 20 12 16
  12 16 8 16
  8 16 8 12
  8 12 4 12
  4 12 4 0
  4 0 28 0
  28 0 28 4
  28 4 8 4
  8 4 8 12
  8 12 12 12
  12 12 12 16
  12 16 16 16
  16 16 16 20
  16 20 20 20
  20 20 20 24
  20 24 24 24
  24 24 24 28
  24 28 28 28
  28 28 28 40
  28 40 4 40
glyph 91 32 8
  16 44 16 -4
  16 -4 28 -4
  28 -4 28 0
  28 0 20 0
  20 0 20 40
  20 40 28 40
  28 40 28 44
  28 44 16 44
glyph 92 32 24
  4 40 4 32
  4 32 8 32
  8 32 8 28
  8 28 12 28
  12 28 12 20
  12 20 16 20
  16 20 16 12
  16 12 20 12
  20 12 20 8
  20 8 24 8
  24 8 24 0
  24 0 28 0
  28 0 28 8
  28 8 24 8
  24 8 24 12
  24 12 20 12
  20 12 20 20
  20 20 16 20
  16 20 16 28
  16 28 12 28
  12 28 12 32
  12 32 8 32
  8 32 8 40
  8 40 4 40
glyph 93 32 8
  4 44 4 40
  4 40 12 40
  12 40 12 0
  12 0 4 0
  4 0 4 -4
  4 -4 16 -4
  16 -4 16 44
  16 44 4 44
glyph 94 32 20
  12 48 12 44
  12 44 8 44
  8 44 8 40
  8 40 4 40
  4 40 4 36
  4 36 8 36
  8 36 8 40
  8 40 12 40
  12 40 12 44
  12 44 20 44
  20 44 20 40
  20 40 24 40
  24 40 24 36
  24 36 28 36
  28 36 28 40
  28 40 24 40
  24 40 24 44
  24 44 20 44
  20 44 20 48
  20 48 12 48
glyph 95 32 4
  4 0 4 -4
  4 -4 32 -4
  32 -4 32 0
  32 0 4 0
glyph 96 32 12
  8 52 8 48
  8 48 12 48
  12 48 12 44
  12 44 16 44
  16 44 16 40
  16 40 20 40
  20 40 20 44
  20 44 16 44
  16 44 16 48
  16 48 12 48
  12 48 12 52
  12 52 8 52
glyph 97 32 28
  8 32 8 28
  8 28 4 28
  4 28 4 24
  4 24 8 24
  8 24 8 28
  8 28 24 28
  24 28 24 20
  24 20 8 20
  8 20 8 16
  8 16 4 16
  4 16 4 4
  4 4 8 4
  8 4 8 0
  8 0 20 0
  20 0 20 4
  20 4 8 4
  8 4 8 16
  8 16 24 16
  24 16 24 8
  24 8 20 8
  20 8 20 4
  20 4 24 4
  24 4 24 0
  24 0 28 0
  28 0 28 28
  28 28 24 28
  24 28 24 32
  24 32 8 32
glyph 98 32 24
  4 44 4 0
  4 0 8 0
  8 0 8 4
  8 4 12 4
  12 4 12 0
  12 0 24 0
  24 0 24 4
  24 4 28 4
  28 4 28 28
  28 28 24 28
  24 28 24 4
  24 4 12 4
  12 4 12 8
  12 8 8 8
  8 8 8 24
  8 24 12 24
  12 24 12 28
  12 28 24 28
  24 28 24 32
  24 32 12 32
  12 32 12 28
  12 28 8 28
  8 28 8 44
  8 44 4 44
glyph 99 32 20
  8 32 8 28
  8 28 4 28
  4 28 4 4
  4 4 8 4
  8 4 8 0
  8 0 24 0
  24 0 24 4
  24 4 28 4
  28 4 28 8
  28 8 24 8
  24 8 24 4
  24 4 8 4
  8 4 8 28
  8 28 24 28
  24 28 24 24
  24 24 28 24
  28 24 28 28
  28 28 24 28
  24 28 24 32
  24 32 8 32
glyph 100 32 24
  24 44 24 28
  24 28 20 28
  20 28 20 32
  20 32 8 32
  8 32 8 28
  8 28 4 28
  4 28 4 4
  4 4 8 4
  8 4 8 28
  8 28 20 28
  20 28 20 24
  20 24 24 24
  24 24 24 8
  24 8 20 8
  20 8 20 4
  20 4 8 4
  8 4 8 0
  8 0 20 0
  20 0 20 4
  20 4 24 4
  24 4 24 0
  24 0 28 0
  28 0 28 44
  28 44 24 44
glyph 101 32 22
  8 32 8 28
  8 28 24 28
  24 28 24 20
  24 20 8 20
  8 20 8 28
  8 28 4 28
  4 28 4 4
  4 4 8 4
  8 4 8 0
  8 0 24 0
  24 0 24 4
  24 4 28 4
  28 4 28 8
  28 8 24 8
  24 8 24 4
  24 4 8 4
  8 4 8 16
  8 16 28 16
  28 16 28 28
  28 28 24 28
  24 28 24 32
  24 32 8 32
glyph 102 32 16
  16 44 16 40
  16 40 12 40
  12 40 12 28
  12 28 4 28
  4 28 4 24
  4 24 12 24
  12 24 12 0
  12 0 16 0
  16 0 16 24
  16 24 24 24
  24 24 24 28
  24 28 16 28
  16 28 16 40
  16 40 24 40
  24 40 24 44
  24 44 16 44
glyph 103 32 36
  24 36 24 28
  24 28 20 28
  20 28 20 32
  20 32 8 32
  8 32 8 28
  8 28 4 28
  4 28 4 16
  4 16 8 16
  8 16 8 28
  8 28 20 28
  20 28 20 16
  20 16 8 16
  8 16 8 4
  8 4 4 4
  4 4 4 -4
  4 -4 8 -4
  8 -4 8 -8
  8 -8 24 -8
  24 -8 24 -4
  24 -4 8 -4
  8 -4 8 4
  8 4 24 4
  24 4 24 -4
  24 -4 28 -4
  28 -4 28 4
  28 4 24 4
  24 4 24 8
  24 8 12 8
  12 8 12 12
  12 12 20 12
  20 12 20 16
  20 16 24 16
  24 16 24 28
  24 28 28 28
  28 28 28 36
  28 36 24 36
glyph 104 32 16
  4 44 4 0
  4 0 8 0
  8 0 8 24
  8 24 12 24
  12 24 12 28
  12 28 24 28
  24 28 24 0
  24 0 28 0
  28 0 28 28
  28 28 24 28
  24 28 24 32
  24 32 12 32
  12 32 12 28
  12 28 8 28
  8 28 8 44
  8 44 4 44
glyph 105 32 14
  16 44 16 36
  16 36 20 36
  20 36 20 44
  20 44 16 44
  12 32 12 28
  12 28 16 28
  16 28 16 4
  16 4 8 4
  8 4 8 0
  8 0 28 0
  28 0 28 4
  28 4 20 4
  20 4 20 32
  20 32 12 32
glyph 106 32 22
  20 44 20 36
  20 36 24 36
  24 36 24 44
  24 44 20 44
  16 32 16 28
  16 28 20 28
  20 28 20 0
  20 0 16 0
  16 0 16 -4
  16 -4 8 -4
  8 -4 8 0
  8 0 4 0
  4 0 4 -4
  4 -4 8 -4
  8 -4 8 -8
  8 -8 16 -8
  16 -8 16 -4
  16 -4 20 -4
  20 -4 20 0
  20 0 24 0
  24 0 24 32
  24 32 16 32
glyph 107 32 36
  4 44 4 0
  4 0 8 0
  8 0 8 16
  8 16 12 16
  12 16 12 12
  12 12 16 12
  16 12 16 8
  16 8 20 8
  20 8 20 4
  20 4 24 4
  24 4 24 0
  24 0 28 0
  28 0 28 4
  28 4 24 4
  24 4 24 8
  24 8 20 8
  20 8 20 12
  20 12 16 12
  16 12 16 16
  16 16 12 16
  12 16 12 20
  12 20 16 20
  16 20 16 24
  16 24 20 24
  20 24 20 28
  20 28 24 28
  24 28 24 32
  24 32 20 32
  20 32 20 28
  20 28 16 28
  16 28 16 24
  16 24 12 24
  12 24 12 20
  12 20 8 20
  8 20 8 44
  8 44 4 44
glyph 108 32 10
  12 44 12 40
  12 40 16 40
  16 40 16 4
  16 4 8 4
  8 4 8 0
  8 0 28 0
  28 0 28 4
  28 4 20 4
  20 4 20 44
  20 44 12 44
glyph 109 32 18
  4 32 4 0
  4 0 8 0
  8 0 8 28
  8 28 16 28
  16 28 16 0
  16 0 20 0
  20 0 20 28
  20 28 28 28
  28 28 28 0
  28 0 32 0
  32 0 32 28
  32 28 28 28
  28 28 28 32
  28 32 20 32
  20 32 20 28
  20 28 16 28
  16 28 16 32
  16 32 4 32
glyph 110 32 16
  4 32 4 0
  4 0 8 0
  8 0 8 24
  8 24 12 24
  12 24 12 28
  12 28 24 28
  24 28 24 0
  24 0 28 0
  28 0 28 28
  28 28 24 28
  24 28 24 32
  24 32 12 32
  12 32 12 28
  12 28 8 28
  8 28 8 32
  8 32 4 32
glyph 111 32 16
  8 32 8 28
  8 28 4 28
  4 28 4 4
  4 4 8 4
  8 4 8 0
  8 0 24 0
  24 0 24 4
  24 4 8 4
  8 4 8 28
  8 28 24 28
  24 28 24 4
  24 4 28 4
  28 4 28 28
  28 28 24 28
  24 28 24 32
  24 32 8 32
glyph 112 32 24
  4 32 4 -8
  4 -8 8 -8
  8 -8 8 4
  8 4 12 4
  12 4 12 0
  12 0 24 0
  24 0 24 4
  24 4 28 4
  28 4 28 28
  28 28 24 28
  24 28 24 4
  24 4 12 4
  12 4 12 8
  12 8 8 8
  8 8 8 24
  8 24 12 24
  12 24 12 28
  12 28 24 28
  24 28 24 32
  24 32 12 32
  12 32 12 28
  12 28 8 28
  8 28 8 32
  8 32 4 32
glyph 113 32 24
  8 32 8 28
  8 28 4 28
  4 28 4 4
  4 4 8 4
  8 4 8 0
  8 0 20 0
  20 0 20 4
  20 4 8 4
  8 4 8 28
  8 28 20 28
  20 28 20 24
  20 24 24 24
  24 24 24 8
  24 8 20 8
  20 8 20 4
  20 4 24 4
  24 4 24 -8
  24 -8 28 -8
  28 -8 28 32
  28 32 24 32
  24 32 24 28
  24 28 20 28
  20 28 20 32
  20 32 8 32
glyph 114 32 16
  4 32 4 0
  4 0 8 0
  8 0 8 24
  8 24 12 24
  12 24 12 28
  12 28 24 28
  24 28 24 20
  24 20 28 20
  28 20 28 28
  28 28 24 28
  24 28 24 32
  24 32 12 32
  12 32 12 28
  12 28 8 28
  8 28 8 32
  8 32 4 32
glyph 115 32 32
  8 32 8 28
  8 28 4 28
  4 28 4 20
  4 20 8 20
  8 20 8 16
  8 16 16 16
  16 16 16 12
  16 12 24 12
  24 12 24 4
  24 4 8 4
  8 4 8 8
  8 8 4 8
  4 8 4 4
  4 4 8 4
  8 4 8 0
  8 0 24 0
  24 0 24 4
  24 4 28 4
  28 4 28 12
  28 12 24 12
  24 12 24 16
  24 16 16 16
  16 16 16 20
  16 20 8 20
  8 20 8 28
  8 28 24 28
  24 28 24 24
  24 24 28 24
  28 24 28 28
  28 28 24 28
  24 28 24 32
  24 32 8 32
glyph 116 32 16
  12 40 12 28
  12 28 4 28
  4 28 4 24
  4 24 12 24
  12 24 12 4
  12 4 16 4
  16 4 16 0
  16 0 24 0
  24 0 24 4
  24 4 16 4
  16 4 16 24
  16 24 24 24
  24 24 24 28
  24 28 16 28
  16 28 16 40
  16 40 12 40
glyph 117 32 16
  4 32 4 4
  4 4 8 4
  8 4 8 0
  8 0 20 0
  20 0 20 4
  20 4 24 4
  24 4 24 0
  24 0 28 0
  28 0 28 32
  28 32 24 32
  24 32 24 8
  24 8 20 8
  20 8 20 4
  20 4 8 4
  8 4 8 32
  8 32 4 32
glyph 118 32 20
  4 32 4 20
  4 20 8 20
  8 20 8 8
  8 8 12 8
  12 8 12 0
  12 0 20 0
  20 0 20 8
  20 8 24 8
  24 8 24 20
  24 20 28 20
  28 20 28 32
  28 32 24 32
  24 32 24 20
  24 20 20 20
  20 20 20 8
  20 8 12 8
  12 8 12 20
  12 20 8 20
  8 20 8 32
  8 32 4 32
glyph 119 32 20
  4 32 4 4
  4 4 8 4
  8 4 8 0
  8 0 16 0
  16 0 16 4
  16 4 20 4
  20 4 20 0
  20 0 28 0
  28 0 28 4
  28 4 32 4
  32 4 32 32
  32 32 28 32
  28 32 28 4
  28 4 20 4
  20 4 20 28
  20 28 16 28
  16 28 16 4
  16 4 8 4
  8 4 8 32
  8 32 4 32
glyph 120 32 36
  4 32 4 24
  4 24 8 24
  8 24 8 20
  8 20 12 20
  12 20 12 12
  12 12 8 12
  8 12 8 8
  8 8 4 8
  4 8 4 0
  4 0 8 0
  8 0 8 8
  8 8 12 8
  12 8 12 12
  12 12 20 12
  20 12 20 8
  20 8 24 8
  24 8 24 0
  24 0 28 0
  28 0 28 8
  28 8 24 8
  24 8 24 12
  24 12 20 12
  20 12 20 20
  20 20 24 20
  24 20 24 24
  24 24 28 24
  28 24 28 32
  28 32 24 32
  24 32 24 24
  24 24 20 24
  20 24 20 20
  20 20 12 20
  12 20 12 24
  12 24 8 24
  8 24 8 32
  8 32 4 32
glyph 121 32 24
  4 32 4 12
  4 12 8 12
  8 12 8 8
  8 8 12 8
  12 8 12 4
  12 4 20 4
  20 4 20 8
  20 8 24 8
  24 8 24 -4
  24 -4 8 -4
  8 -4 8 -8
  8 -8 24 -8
  24 -8 24 -4
  24 -4 28 -4
  28 -4 28 32
  28 32 24 32
  24 32 24 12
  24 12 20 12
  20 12 20 8
  20 8 12 8
  12 8 12 12
  12 12 8 12
  8 12 8 32
  8 32 4 32
glyph 122 32 28
  4 32 4 28
  4 28 24 28
  24 28 24 24
  24 24 20 24
  20 24 20 20
  20 20 16 20
  16 20 16 16
  16 16 12 16
  12 16 12 12
  12 12 8 12
  8 12 8 8
  8 8 4 8
  4 8 4 0
  4 0 28 0
  28 0 28 4
  28 4 8 4
  8 4 8 8
  8 8 12 8
  12 8 12 12
  12 12 16 12
  16 12 16 16
  16 16 20 16
  20 16 20 20
  20 20 24 20
  24 20 24 24
  24 24 28 24
  28 24 28 32
  28 32 4 32
glyph 123 32 36
  16 44 16 40
  16 40 12 40
  12 40 12 32
  12 32 16 32
  16 32 16 24
  16 24 12 24
  12 24 12 20
  12 20 8 20
  8 20 8 16
  8 16 12 16
  12 16 12 12
  12 12 16 12
  16 12 16 4
  16 4 12 4
  12 4 12 -4
  12 -4 16 -4
  16 -4 16 -8
  16 -8 24 -8
  24 -8 24 -4
  24 -4 16 -4
  16 -4 16 4
  16 4 20 4
  20 4 20 12
  20 12 16 12
  16 12 16 16
  16 16 12 16
  12 16 12 20
  12 20 16 20
  16 20 16 24
  16 24 20 24
  20 24 20 32
  20 32 16 32
  16 32 16 40
  16 40 24 40
  24 40 24 44
  24 44 16 44
glyph 124 32 4
  16 48 16 -8
  16 -8 20 -8
  20 -8 20 48
  20 48 16 48
glyph 125 32 36
  8 44 8 40
  8 40 16 40
  16 40 16 32
  16 32 12 32
  12 32 12 24
  12 24 16 24
  16 24 16 20
  16 20 20 20
  20 20 20 16
  20 16 16 16
  16 16 16 12
  16 12 12 12
  12 12 12 4
  12 4 16 4
  16 4 16 -4
  16 -4 8 -4
  8 -4 8 -8
  8 -8 16 -8
  16 -8 16 -4
  16 -4 20 -4
  20 -4 20 4
  20 4 16 4
  16 4 16 12
  16 12 20 12
  20 12 20 16
  20 16 24 16
  24 16 24 20
  24 20 20 20
  20 20 20 24
  20 24 16 24
  16 24 16 32
  16 32 20 32
  20 32 20 40
  20 40 16 40
  16 40 16 44
  16 44 8 44
glyph 126 32 20
  8 44 8 40
  8 40 4 40
  4 40 4 32
  4 32 8 32
  8 32 8 40
  8 40 16 40
  16 40 16 36
  16 36 20 36
  20 36 20 32
  20 32 28 32
  28 32 28 36
  28 36 32 36
  32 36 32 44
  32 44 28 44
  28 44 28 36
  28 36 20 36
  20 36 20 40
  20 40 16 40
  16 40 16 44
  16 44 8 44
glyph 160 32 0
glyph 171 32 40
  12 36 12 28
  12 28 8 28
  8 28 8 20
  8 20 4 20
  4 20 4 16
  4 16 8 16
  8 16 8 8
  8 8 12 8
  12 8 12 0
  12 0 16 0
  16 0 16 8
  16 8 12 8
  12 8 12 16
  12 16 8 16
  8 16 8 20
  8 20 12 20
  12 20 12 28
  12 28 16 28
  16 28 16 36
  16 36 12 36
  24 36 24 28
  24 28 20 28
  20 28 20 20
  20 20 16 20
  16 20 16 16
  16 16 20 16
  20 16 20 8
  20 8 24 8
  24 8 24 0
  24 0 28 0
  28 0 28 8
  28 8 24 8
  24 8 24 16
  24 16 20 16
  20 16 20 20
  20 20 24 20
  24 20 24 28
  24 28 28 28
  28 28 28 36
  28 36 24 36
glyph 187 32 40
  4 36 4 28
  4 28 8 28
  8 28 8 20
  8 20 12 20
  12 20 12 16
  12 16 8 16
  8 16 8 8
  8 8 4 8
  4 8 4 0
  4 0 8 0
  8 0 8 8
  8 8 12 8
  12 8 12 16
  12 16 16 16
  16 16 16 20
  16 20 12 20
  12 20 12 28
  12 28 8 28
  8 28 8 36
  8 36 4 36
  16 36 16 28
  16 28 20 28
  20 28 20 20
  20 20 24 20
  24 20 24 16
  24 16 20 16
  20 16 20 8
  20 8 16 8
  16 8 16 0
  16 0 20 0
  20 0 20 8
  20 8 24 8
  24 8 24 16
  24 16 28 16
  28 16 28 20
  28 20 24 20
  24 20 24 28
  24 28 20 28
  20 28 20 36
  20 36 16 36
glyph 1024 32 20
  8 52 8 48
  8 48 16 48
  16 48 16 44
  16 44 24 44
  24 44 24 48
  24 48 16 48
  16 48 16 52
  16 52 8 52
  4 40 4 0
  4 0 28 0
  28 0 28 4
  28 4 8 4
  8 4 8 20
  8 20 24 20
  24 20 24 24
  24 24 8 24
  8 24 8 36
  8 36 28 36
  28 36 28 40
  28 40 4 40
glyph 1025 32 20
  8 56 8 48
  8 48 12 48
  12 48 12 56
  12 56 8 56
  20 56 20 48
  20 48 24 48
  24 48 24 56
  24 56 20 56
  4 40 4 0
  4 0 28 0
  28 0 28 4
  28 4 8 4
  8 4 8 20
  8 20 24 20
  24 20 24 24
  24 24 8 24
  8 24 8 36
  8 36 28 36
  28 36 28 40
  28 40 4 40
glyph 1026 32 20
  4 40 4 36
  4 36 12 36
  12 36 12 0
  12 0 16 0
  16 0 16 20
  16 20 28 20
  28 20 28 4
  28 4 20 4
  20 4 20 0
  20 0 28 0
  28 0 28 4
  28 4 32 4
  32 4 32 20
  32 20 28 20
  28 20 28 24
  28 24 16 24
  16 24 16 36
  16 36 28 36
  28 36 28 40
  28 40 4 40
glyph 1027 32 14
  16 56 16 52
  16 52 8 52
  8 52 8 48
  8 48 16 48
  16 48 16 52
  16 52 24 52
  24 52 24 56
  24 56 16 56
  4 40 4 0
  4 0 8 0
  8 0 8 36
  8 36 28 36
  28 36 28 40
  28 40 4 40
glyph 1028 32 32
  12 40 12 36
  12 36 8 36
  8 36 8 32
  8 32 4 32
  4 32 4 8
  4 8 8 8
  8 8 8 4
  8 4 12 4
  12 4 12 0
  12 0 24 0
  24 0 24 4
  24 4 28 4
  28 4 28 8
  28 8 24 8
  24 8 24 4
  24 4 12 4
  12 4 12 8
  12 8 8 8
  8 8 8 20
  8 20 24 20
  24 20 24 24
  24 24 8 24
  8 24 8 32
  8 32 12 32
  12 32 12 36
  12 36 24 36
  24 36 24 32
  24 32 28 32
  28 32 28 36
  28 36 24 36
  24 36 24 40
  24 40 12 40
glyph 1029 32 32
  8 40 8 36
  8 36 4 36
  4 36 4 24
  4 24 8 24
  8 24 8 20
  8 20 16 20
  16 20 16 16
  16 16 24 16
  24 16 24 4
  24 4 8 4
  8 4 8 12
  8 12 4 12
  4 12 4 4
  4 4 8 4
  8 4 8 0
  8 0 24 0
  24 0 24 4
  24 4 28 4
  28 4 28 16
  28 16 24 16
  24 16 24 20
  24 20 16 20
  16 20 16 24
  16 24 8 24
  8 24 8 36
  8 36 24 36
  24 36 24 28
  24 28 28 28
  28 28 28 36
  28 36 24 36
  24 36 24 40
  24 40 8 40
glyph 1030 32 12
  8 40 8 36
  8 36 16 36
  16 36 16 4
  16 4 8 4
  8 4 8 0
  8 0 28 0
  28 0 28 4
  28 4 20 4
  20 4 20 36
  20 36 28 36
  28 36 28 40
  28 40 8 40
glyph 1031 32 20
  8 56 8 48
  8 48 12 48
  12 48 12 56
  12 56 8 56
  20 56 20 48
  20 48 24 48
  24 48 24 56
  24 56 20 56
  8 40 8 36
  8 36 16 36
  16 36 16 4
  16 4 8 4
  8 4 8 0
  8 0 28 0
  28 0 28 4
  28 4 20 4
  20 4 20 36
  20 36 28 36
  28 36 28 40
  28 40 8 40
glyph 1032 32 16
  16 40 16 36
  16 36 20 36
  20 36 20 4
  20 4 8 4
  8 4 8 12
  8 12 4 12
  4 12 4 4
  4 4 8 4
  8 4 8 0
  8 0 20 0
  20 0 20 4
  20 4 24 4
  24 4 24 36
  24 36 28 36
  28 36 28 40
  28 40 16 40
glyph 1033 32 22
  4 40 4 4
  4 4 0 4
  0 4 0 0
  0 0 4 0
  4 0 4 4
  4 4 8 4
  8 4 8 36
  8 36 16 36
  16 36 16 0
  16 0 28 0
  28 0 28 4
  28 4 32 4
  32 4 32 20
  32 20 28 20
  28 20 28 4
  28 4 20 4
  20 4 20 20
  20 20 28 20
  28 20 28 24
  28 24 20 24
  20 24 20 40
  20 40 4 40
glyph 1034 32 22
  4 40 4 0
  4 0 8 0
  8 0 8 20
  8 20 16 20
  16 20 16 0
  16 0 28 0
  28 0 28 4
  28 4 32 4
  32 4 32 20
  32 20 28 20
  28 20 28 4
  28 4 20 4
  20 4 20 20
  20 20 28 20
  28 20 28 24
  28 24 20 24
  20 24 20 40
  20 40 16 40
  16 40 16 24
  16 24 8 24
  8 24 8 40
  8 40 4 40
glyph 1035 32 16
  4 40 4 36
  4 36 12 36
  12 36 12 0
  12 0 16 0
  16 0 16 20
  16 20 28 20
  28 20 28 0
  28 0 32 0
  32 0 32 20
  32 20 28 20
  28 20 28 24
  28 24 16 24
  16 24 16 36
  16 36 28 36
  28 36 28 40
  28 40 4 40
glyph 1036 32 44
  16 56 16 52
  16 52 8 52
  8 52 8 48
  8 48 16 48
  16 48 16 52
  16 52 24 52
  24 52 24 56
  24 56 16 56
  4 40 4 0
  4 0 8 0
  8 0 8 16
  8 16 12 16
  12 16 12 12
  12 12 16 12
  16 12 16 8
  16 8 20 8
  20 8 20 4
  20 4 24 4
  24 4 24 0
  24 0 28 0
  28 0 28 4
  28 4 24 4
  24 4 24 8
  24 8 20 8
  20 8 20 12
  20 12 16 12
  16 12 16 16
  16 16 12 16
  12 16 12 20
  12 20 16 20
  16 20 16 28
  16 28 20 28
  20 28 20 36
  20 36 28 36
  28 36 28 40
  28 40 20 40
  20 40 20 36
  20 36 16 36
  16 36 16 28
  16 28 12 28
  12 28 12 20
  12 20 8 20
  8 20 8 40
  8 40 4 40
glyph 1037 32 32
  8 52 8 48
  8 48 16 48
  16 48 16 44
  16 44 24 44
  24 44 24 48
  24 48 16 48
  16 48 16 52
  16 52 8 52
  4 40 4 0
  4 0 8 0
  8 0 8 4
  8 4 12 4
  12 4 12 12
  12 12 16 12
  16 12 16 20
  16 20 20 20
  20 20 20 28
  20 28 24 28
  24 28 24 0
  24 0 28 0
  28 0 28 40
  28 40 24 40
  24 40 24 36
  24 36 20 36
  20 36 20 28
  20 28 16 28
  16 28 16 20
  16 20 12 20
  12 20 12 12
  12 12 8 12
  8 12 8 40
  8 40 4 40
glyph 1038 32 46
  4 56 4 48
  4 48 8 48
  8 48 8 44
  8 44 24 44
  24 44 24 48
  24 48 28 48
  28 48 28 56
  28 56 24 56
  24 56 24 48
  24 48 8 48
  8 48 8 56
  8 56 4 56
  4 40 4 32
  4 32 8 32
  8 32 8 24
  8 24 12 24
  12 24 12 16
  12 16 16 16
  16 16 16 8
  16 8 12 8
  12 8 12 4
  12 4 8 4
  8 4 8 0
  8 0 16 0
  16 0 16 8
  16 8 20 8
  20 8 20 16
  20 16 24 16
  24 16 24 24
  24 24 28 24
  28 24 28 32
  28 32 32 32
  32 32 32 40
  32 40 28 40
  28 40 28 32
  28 32 24 32
  24 32 24 24
  24 24 20 24
  20 24 20 16
  20 16 16 16
  16 16 16 24
  16 24 12 24
  12 24 12 32
  12 32 8 32
  8 32 8 40
  8 40 4 40
glyph 1039 32 12
  4 40 4 0
  4 0 16 0
  16 0 16 -8
  16 -8 20 -8
  20 -8 20 0
  20 0 32 0
  32 0 32 40
  32 40 28 40
  28 40 28 4
  28 4 8 4
  8 4 8 40
  8 40 4 40
glyph 1040 32 24
  12 40 12 36
  12 36 20 36
  20 36 20 28
  20 28 24 28
  24 28 24 20
  24 20 8 20
  8 20 8 28
  8 28 12 28
  12 28 12 36
  12 36 8 36
  8 36 8 28
  8 28 4 28
  4 28 4 0
  4 0 8 0
  8 0 8 16
  8 16 24 16
  24 16 24 0
  24 0 28 0
  28 0 28 28
  28 28 24 28
  24 28 24 36
  24 36 20 36
  20 36 20 40
  20 40 12 40
glyph 1041 32 16
  4 40 4 0
  4 0 24 0
  24 0 24 4
  24 4 28 4
  28 4 28 20
  28 20 24 20
  24 20 24 4
  24 4 8 4
  8 4 8 20
  8 20 24 20
  24 20 24 24
  24 24 8 24
  8 24 8 36
  8 36 24 36
  24 36 24 40
  24 40 4 40
glyph 1042 32 20
  4 40 4 0
  4 0 24 0
  24 0 24 4
  24 4 28 4
  28 4 28 20
  28 20 24 20
  24 20 24 4
  24 4 8 4
  8 4 8 20
  8 20 24 20
  24 20 24 24
  24 24 28 24
  28 24 28 36
  28 36 24 36
  24 36 24 24
  24 24 8 24
  8 24 8 36
  8 36 24 36
  24 36 24 40
  24 40 4 40
glyph 1043 32 6
  4 40 4 0
  4 0 8 0
  8 0 8 36
  8 36 28 36
  28 36 28 40
  28 40 4 40
glyph 1044 32 26
  16 40 16 36
  16 36 24 36
  24 36 24 4
  24 4 8 4
  8 4 8 12
  8 12 12 12
  12 12 12 24
  12 24 16 24
  16 24 16 36
  16 36 12 36
  12 36 12 24
  12 24 8 24
  8 24 8 12
  8 12 4 12
  4 12 4 4
  4 4 0 4
  0 4 0 -8
  0 -8 4 -8
  4 -8 4 0
  4 0 28 0
  28 0 28 -8
  28 -8 32 -8
  32 -8 32 4
  32 4 28 4
  28 4 28 40
  28 40 16 40
glyph 1045 32 12
  4 40 4 0
  4 0 28 0
  28 0 28 4
  28 4 8 4
  8 4 8 20
  8 20 24 20
  24 20 24 24
  24 24 8 24
  8 24 8 36
  8 36 28 36
  28 36 28 40
  28 40 4 40
glyph 1046 32 44
  4 40 4 32
  4 32 8 32
  8 32 8 24
  8 24 12 24
  12 24 12 16
  12 16 8 16
  8 16 8 8
  8 8 4 8
  4 8 4 0
  4 0 8 0
  8 0 8 8
  8 8 12 8
  12 8 12 16
  12 16 16 16
  16 16 16 0
  16 0 20 0
  20 0 20 16
  20 16 24 16
  24 16 24 8
  24 8 28 8
  28 8 28 0
  28 0 32 0
  32 0 32 8
  32 8 28 8
  28 8 28 16
  28 16 24 16
  24 16 24 24
  24 24 28 24
  28 24 28 32
  28 32 32 32
  32 32 32 40
  32 40 28 40
  28 40 28 32
  28 32 24 32
  24 32 24 24
  24 24 20 24
  20 24 20 40
  20 40 16 40
  16 40 16 24
  16 24 12 24
  12 24 12 32
  12 32 8 32
  8 32 8 40
  8 40 4 40
glyph 1047 32 30
  8 40 8 36
  8 36 4 36
  4 36 4 32
  4 32 8 32
  8 32 8 36
  8 36 24 36
  24 36 24 24
  24 24 8 24
  8 24 8 20
  8 20 20 20
  20 20 20 16
  20 16 24 16
  24 16 24 4
  24 4 8 4
  8 4 8 8
  8 8 4 8
  4 8 4 4
  4 4 8 4
  8 4 8 0
  8 0 24 0
  24 0 24 4
  24 4 28 4
  28 4 28 16
  28 16 24 16
  24 16 24 24
  24 24 28 24
  28 24 28 36
  28 36 24 36
  24 36 24 40
  24 40 8 40
glyph 1048 32 24
  4 40 4 0
  4 0 8 0
  8 0 8 4
  8 4 12 4
  12 4 12 12
  12 12 16 12
  16 12 16 20
  16 20 20 20
  20 20 20 28
  20 28 24 28
  24 28 24 0
  24 0 28 0
  28 0 28 40
  28 40 24 40
  24 40 24 36
  24 36 20 36
  20 36 20 28
  20 28 16 28
  16 28 16 20
  16 20 12 20
  12 20 12 12
  12 12 8 12
  8 12 8 40
  8 40 4 40
glyph 1049 32 36
  8 52 8 48
  8 48 12 48
  12 48 12 44
  12 44 20 44
  20 44 20 48
  20 48 24 48
  24 48 24 52
  24 52 20 52
  20 52 20 48
  20 48 12 48
  12 48 12 52
  12 52 8 52
  4 40 4 0
  4 0 8 0
  8 0 8 4
  8 4 12 4
  12 4 12 12
  12 12 16 12
  16 12 16 20
  16 20 20 20
  20 20 20 28
  20 28 24 28
  24 28 24 0
  24 0 28 0
  28 0 28 40
  28 40 24 40
  24 40 24 36
  24 36 20 36
  20 36 20 28
  20 28 16 28
  16 28 16 20
  16 20 12 20
  12 20 12 12
  12 12 8 12
  8 12 8 40
  8 40 4 40
glyph 1050 32 36
  4 40 4 0
  4 0 8 0
  8 0 8 16
  8 16 12 16
  12 16 12 12
  12 12 16 12
  16 12 16 8
  16 8 20 8
  20 8 20 4
  20 4 24 4
  24 4 24 0
  24 0 28 0
  28 0 28 4
  28 4 24 4
  24 4 24 8
  24 8 20 8
  20 8 20 12
  20 12 16 12
  16 12 16 16
  16 16 12 16
  12 16 12 20
  12 20 16 20
  16 20 16 28
  16 28 20 28
  20 28 20 36
  20 36 28 36
  28 36 28 40
  28 40 20 40
  20 40 20 36
  20 36 16 36
  16 36 16 28
  16 28 12 28
  12 28 12 20
  12 20 8 20
  8 20 8 40
  8 40 4 40
glyph 1051 32 16
  12 40 12 12
  12 12 8 12
  8 12 8 4
  8 4 4 4
  4 4 4 0
  4 0 8 0
  8 0 8 4
  8 4 12 4
  12 4 12 12
  12 12 16 12
  16 12 16 36
  16 36 24 36
  24 36 24 0
  24 0 28 0
  28 0 28 40
  28 40 12 40
glyph 1052 32 20
  4 40 4 0
  4 0 8 0
  8 0 8 24
  8 24 12 24
  12 24 12 16
  12 16 20 16
  20 16 20 24
  20 24 24 24
  24 24 24 0
  24 0 28 0
  28 0 28 40
  28 40 24 40
  24 40 24 32
  24 32 20 32
  20 32 20 24
  20 24 12 24
  12 24 12 32
  12 32 8 32
  8 32 8 40
  8 40 4 40
glyph 1053 32 12
  4 40 4 0
  4 0 8 0
  8 0 8 20
  8 20 24 20
  24 20 24 0
  24 0 28 0
  28 0 28 40
  28 40 24 40
  24 40 24 24
  24 24 8 24
  8 24 8 40
  8 40 4 40
glyph 1054 32 16
  8 40 8 36
  8 36 4 36
  4 36 4 4
  4 4 8 4
  8 4 8 0
  8 0 24 0
  24 0 24 4
  24 4 8 4
  8 4 8 36
  8 36 24 36
  24 36 24 4
  24 4 28 4
  28 4 28 36
  28 36 24 36
  24 36 24 40
  24 40 8 40
glyph 1055 32 8
  4 40 4 0
  4 0 8 0
  8 0 8 36
  8 36 24 36
  24 36 24 0
  24 0 28 0
  28 0 28 40
  28 40 4 40
glyph 1056 32 14
  4 40 4 0
  4 0 8 0
  8 0 8 20
  8 20 24 20
  24 20 24 24
  24 24 28 24
  28 24 28 36
  28 36 24 36
  24 36 24 24
  24 24 8 24
  8 24 8 36
  8 36 24 36
  24 36 24 40
  24 40 4 40
glyph 1057 32 20
  8 40 8 36
  8 36 4 36
  4 36 4 4
  4 4 8 4
  8 4 8 0
  8 0 24 0
  24 0 24 4
  24 4 28 4
  28 4 28 12
  28 12 24 12
  24 12 24 4
  24 4 8 4
  8 4 8 36
  8 36 24 36
  24 36 24 28
  24 28 28 28
  28 28 28 36
  28 36 24 36
  24 36 24 40
  24 40 8 40
glyph 1058 32 8
  4 40 4 36
  4 36 16 36
  16 36 16 0
  16 0 20 0
  20 0 20 36
  20 36 32 36
  32 36 32 40
  32 40 4 40
glyph 1059 32 34
  4 40 4 32
  4 32 8 32
  8 32 8 24
  8 24 12 24
  12 24 12 16
  12 16 16 16
  16 16 16 8
  16 8 12 8
  12 8 12 4
  12 4 8 4
  8 4 8 0
  8 0 16 0
  16 0 16 8
  16 8 20 8
  20 8 20 16
  20 16 24 16
  24 16 24 24
  24 24 28 24
  28 24 28 32
  28 32 32 32
  32 32 32 40
  32 40 28 40
  28 40 28 32
  28 32 24 32
  24 32 24 24
  24 24 20 24
  20 24 20 16
  20 16 16 16
  16 16 16 24
  16 24 12 24
  12 24 12 32
  12 32 8 32
  8 32 8 40
  8 40 4 40
glyph 1060 32 28
  16 44 16 40
  16 40 8 40
  8 40 8 36
  8 36 4 36
  4 36 4 16
  4 16 8 16
  8 16 8 36
  8 36 16 36
  16 36 16 16
  16 16 8 16
  8 16 8 12
  8 12 16 12
  16 12 16 0
  16 0 20 0
  20 0 20 12
  20 12 28 12
  28 12 28 16
  28 16 32 16
  32 16 32 36
  32 36 28 36
  28 36 28 16
  28 16 20 16
  20 16 20 36
  20 36 28 36
  28 36 28 40
  28 40 20 40
  20 40 20 44
  20 44 16 44
glyph 1061 32 36
  4 40 4 32
  4 32 8 32
  8 32 8 24
  8 24 12 24
  12 24 12 16
  12 16 8 16
  8 16 8 8
  8 8 4 8
  4 8 4 0
  4 0 8 0
  8 0 8 8
  8 8 12 8
  12 8 12 16
  12 16 20 16
  20 16 20 8
  20 8 24 8
  24 8 24 0
  24 0 28 0
  28 0 28 8
  28 8 24 8
  24 8 24 16
  24 16 20 16
  20 16 20 24
  20 24 24 24
  24 24 24 32
  24 32 28 32
  28 32 28 40
  28 40 24 40
  24 40 24 32
  24 32 20 32
  20 32 20 24
  20 24 12 24
  12 24 12 32
  12 32 8 32
  8 32 8 40
  8 40 4 40
glyph 1062 32 12
  4 40 4 0
  4 0 28 0
  28 0 28 -8
  28 -8 32 -8
  32 -8 32 4
  32 4 28 4
  28 4 28 40
  28 40 24 40
  24 40 24 4
  24 4 8 4
  8 4 8 40
  8 40 4 40
glyph 1063 32 16
  4 40 4 16
  4 16 8 16
  8 16 8 12
  8 12 20 12
  20 12 20 16
  20 16 24 16
  24 16 24 0
  24 0 28 0
  28 0 28 40
  28 40 24 40
  24 40 24 20
  24 20 20 20
  20 20 20 16
  20 16 8 16
  8 16 8 40
  8 40 4 40
glyph 1064 32 12
  4 40 4 0
  4 0 32 0
  32 0 32 40
  32 40 28 40
  28 40 28 4
  28 4 20 4
  20 4 20 40
  20 40 16 40
  16 40 16 4
  16 4 8 4
  8 4 8 40
  8 40 4 40
glyph 1065 32 16
  0 40 0 0
  0 0 28 0
  28 0 28 -8
  28 -8 32 -8
  32 -8 32 4
  32 4 28 4
  28 4 28 40
  28 40 24 40
  24 40 24 4
  24 4 16 4
  16 4 16 40
  16 40 12 40
  12 40 12 4
  12 4 4 4
  4 4 4 40
  4 40 0 40
glyph 1066 32 16
  4 40 4 36
  4 36 12 36
  12 36 12 0
  12 0 28 0
  28 0 28 4
  28 4 32 4
  32 4 32 20
  32 20 28 20
  28 20 28 4
  28 4 16 4
  16 4 16 20
  16 20 28 20
  28 20 28 24
  28 24 16 24
  16 24 16 40
  16 40 4 40
glyph 1067 32 18
  4 40 4 0
  4 0 16 0
  16 0 16 4
  16 4 20 4
  20 4 20 20
  20 20 16 20
  16 20 16 4
  16 4 8 4
  8 4 8 20
  8 20 16 20
  16 20 16 24
  16 24 8 24
  8 24 8 40
  8 40 4 40
  24 40 24 0
  24 0 28 0
  28 0 28 40
  28 40 24 40
glyph 1068 32 14
  4 40 4 0
  4 0 24 0
  24 0 24 4
  24 4 28 4
  28 4 28 20
  28 20 24 20
  24 20 24 4
  24 4 8 4
  8 4 8 20
  8 20 24 20
  24 20 24 24
  24 24 8 24
  8 24 8 40
  8 40 4 40
glyph 1069 32 32
  8 40 8 36
  8 36 4 36
  4 36 4 32
  4 32 8 32
  8 32 8 36
  8 36 20 36
  20 36 20 32
  20 32 24 32
  24 32 24 24
  24 24 8 24
  8 24 8 20
  8 20 24 20
  24 20 24 8
  24 8 20 8
  20 8 20 4
  20 4 8 4
  8 4 8 8
  8 8 4 8
  4 8 4 4
  4 4 8 4
  8 4 8 0
  8 0 20 0
  20 0 20 4
  20 4 24 4
  24 4 24 8
  24 8 28 8
  28 8 28 32
  28 32 24 32
  24 32 24 36
  24 36 20 36
  20 36 20 40
  20 40 8 40
glyph 1070 32 24
  4 40 4 0
  4 0 8 0
  8 0 8 20
  8 20 12 20
  12 20 12 4
  12 4 16 4
  16 4 16 0
  16 0 24 0
  24 0 24 4
  24 4 28 4
  28 4 28 36
  28 36 24 36
  24 36 24 4
  24 4 16 4
  16 4 16 36
  16 36 24 36
  24 36 24 40
  24 40 16 40
  16 40 16 36
  16 36 12 36
  12 36 12 24
  12 24 8 24
  8 24 8 40
  8 40 4 40
glyph 1071 32 26
  8 40 8 36
  8 36 4 36
  4 36 4 24
  4 24 8 24
  8 24 8 36
  8 36 24 36
  24 36 24 24
  24 24 8 24
  8 24 8 20
  8 20 12 20
  12 20 12 16
  12 16 8 16
  8 16 8 8
  8 8 4 8
  4 8 4 0
  4 0 8 0
  8 0 8 8
  8 8 12 8
  12 8 12 16
  12 16 16 16
  16 16 16 20
  16 20 24 20
  24 20 24 0
  24 0 28 0
  28 0 28 40
  28 40 8 40
glyph 1072 32 28
  8 32 8 28
  8 28 4 28
  4 28 4 24
  4 24 8 24
  8 24 8 28
  8 28 24 28
  24 28 24 20
  24 20 8 20
  8 20 8 16
  8 16 4 16
  4 16 4 4
  4 4 8 4
  8 4 8 0
  8 0 20 0
  20 0 20 4
  20 4 8 4
  8 4 8 16
  8 16 24 16
  24 16 24 8
  24 8 20 8
  20 8 20 4
  20 4 24 4
  24 4 24 0
  24 0 28 0
  28 0 28 28
  28 28 24 28
  24 28 24 32
  24 32 8 32
glyph 1073 32 28
  24 48 24 44
  24 44 12 44
  12 44 12 40
  12 40 8 40
  8 40 8 36
  8 36 4 36
  4 36 4 4
  4 4 8 4
  8 4 8 0
  8 0 24 0
  24 0 24 4
  24 4 28 4
  28 4 28 28
  28 28 24 28
  24 28 24 4
  24 4 8 4
  8 4 8 28
  8 28 24 28
  24 28 24 32
  24 32 8 32
  8 32 8 36
  8 36 12 36
  12 36 12 40
  12 40 24 40
  24 40 24 44
  24 44 28 44
  28 44 28 48
  28 48 24 48
glyph 1074 32 20
  4 32 4 0
  4 0 24 0
  24 0 24 4
  24 4 28 4
  28 4 28 16
  28 16 24 16
  24 16 24 4
  24 4 8 4
  8 4 8 16
  8 16 24 16
  24 16 24 20
  24 20 28 20
  28 20 28 28
  28 28 24 28
  24 28 24 20
  24 20 8 20
  8 20 8 28
  8 28 24 28
  24 28 24 32
  24 32 4 32
glyph 1075 32 6
  4 32 4 0
  4 0 8 0
  8 0 8 28
  8 28 28 28
  28 28 28 32
  28 32 4 32
glyph 1076 32 22
  12 32 12 24
  12 24 16 24
  16 24 16 28
  16 28 24 28
  24 28 24 4
  24 4 8 4
  8 4 8 16
  8 16 12 16
  12 16 12 24
  12 24 8 24
  8 24 8 16
  8 16 4 16
  4 16 4 -4
  4 -4 8 -4
  8 -4 8 0
  8 0 28 0
  28 0 28 -4
  28 -4 32 -4
  32 -4 32 4
  32 4 28 4
  28 4 28 32
  28 32 12 32
glyph 1077 32 22
  8 32 8 28
  8 28 24 28
  24 28 24 20
  24 20 8 20
  8 20 8 28
  8 28 4 28
  4 28 4 4
  4 4 8 4
  8 4 8 0
  8 0 24 0
  24 0 24 4
  24 4 28 4
  28 4 28 8
  28 8 24 8
  24 8 24 4
  24 4 8 4
  8 4 8 16
  8 16 28 16
  28 16 28 28
  28 28 24 28
  24 28 24 32
  24 32 8 32
glyph 1078 32 44
  4 32 4 24
  4 24 8 24
  8 24 8 20
  8 20 12 20
  12 20 12 12
  12 12 8 12
  8 12 8 8
  8 8 4 8
  4 8 4 0
  4 0 8 0
  8 0 8 8
  8 8 12 8
  12 8 12 12
  12 12 16 12
  16 12 16 0
  16 0 20 0
  20 0 20 12
  20 12 24 12
  24 12 24 8
  24 8 28 8
  28 8 28 0
  28 0 32 0
  32 0 32 8
  32 8 28 8
  28 8 28 12
  28 12 24 12
  24 12 24 20
  24 20 28 20
  28 20 28 24
  28 24 32 24
  32 24 32 32
  32 32 28 32
  28 32 28 24
  28 24 24 24
  24 24 24 20
  24 20 20 20
  20 20 20 32
  20 32 16 32
  16 32 16 20
  16 20 12 20
  12 20 12 24
  12 24 8 24
  8 24 8 32
  8 32 4 32
glyph 1079 32 30
  8 32 8 28
  8 28 4 28
  4 28 4 24
  4 24 8 24
  8 24 8 28
  8 28 24 28
  24 28 24 20
  24 20 8 20
  8 20 8 16
  8 16 20 16
  20 16 20 12
  20 12 24 12
  24 12 24 4
  24 4 8 4
  8 4 8 8
  8 8 4 8
  4 8 4 4
  4 4 8 4
  8 4 8 0
  8 0 24 0
  24 0 24 4
  24 4 28 4
  28 4 28 12
  28 12 24 12
  24 12 24 20
  24 20 28 20
  28 20 28 28
  28 28 24 28
  24 28 24 32
  24 32 8 32
glyph 1080 32 20
  4 32 4 0
  4 0 12 0
  12 0 12 8
  12 8 16 8
  16 8 16 16
  16 16 20 16
  20 16 20 24
  20 24 24 24
  24 24 24 0
  24 0 28 0
  28 0 28 32
  28 32 20 32
  20 32 20 24
  20 24 16 24
  16 24 16 16
  16 16 12 16
  12 16 12 8
  12 8 8 8
  8 8 8 32
  8 32 4 32
glyph 1081 32 32
  8 48 8 44
  8 44 12 44
  12 44 12 40
  12 40 20 40
  20 40 20 44
  20 44 24 44
  24 44 24 48
  24 48 20 48
  20 48 20 44
  20 44 12 44
  12 44 12 48
  12 48 8 48
  4 32 4 0
  4 0 12 0
  12 0 12 8
  12 8 16 8
  16 8 16 16
  16 16 20 16
  20 16 20 24
  20 24 24 24
  24 24 24 0
  24 0 28 0
  28 0 28 32
  28 32 20 32
  20 32 20 24
  20 24 16 24
  16 24 16 16
  16 16 12 16
  12 16 12 8
  12 8 8 8
  8 8 8 32
  8 32 4 32
glyph 1082 32 36
  4 32 4 0
  4 0 8 0
  8 0 8 16
  8 16 12 16
  12 16 12 12
  12 12 16 12
  16 12 16 8
  16 8 20 8
  20 8 20 4
  20 4 24 4
  24 4 24 0
  24 0 28 0
  28 0 28 4
  28 4 24 4
  24 4 24 8
  24 8 20 8
  20 8 20 12
  20 12 16 12
  16 12 16 16
  16 16 12 16
  12 16 12 20
  12 20 16 20
  16 20 16 24
  16 24 20 24
  20 24 20 28
  20 28 28 28
  28 28 28 32
  28 32 20 32
  20 32 20 28
  20 28 16 28
  16 28 16 24
  16 24 12 24
  12 24 12 20
  12 20 8 20
  8 20 8 32
  8 32 4 32
glyph 1083 32 16
  12 32 12 12
  12 12 8 12
  8 12 8 4
  8 4 4 4
  4 4 4 0
  4 0 8 0
  8 0 8 4
  8 4 12 4
  12 4 12 12
  12 12 16 12
  16 12 16 28
  16 28 24 28
  24 28 24 0
  24 0 28 0
  28 0 28 32
  28 32 12 32
glyph 1084 32 20
  4 32 4 0
  4 0 8 0
  8 0 8 20
  8 20 12 20
  12 20 12 12
  12 12 20 12
  20 12 20 20
  20 20 24 20
  24 20 24 0
  24 0 28 0
  28 0 28 32
  28 32 24 32
  24 32 24 28
  24 28 20 28
  20 28 20 20
  20 20 12 20
  12 20 12 28
  12 28 8 28
  8 28 8 32
  8 32 4 32
glyph 1085 32 12
  4 32 4 0
  4 0 8 0
  8 0 8 16
  8 16 24 16
  24 16 24 0
  24 0 28 0
  28 0 28 32
  28 32 24 32
  24 32 24 20
  24 20 8 20
  8 20 8 32
  8 32 4 32
glyph 1086 32 16
  8 32 8 28
  8 28 4 28
  4 28 4 4
  4 4 8 4
  8 4 8 0
  8 0 24 0
  24 0 24 4
  24 4 8 4
  8 4 8 28
  8 28 24 28
  24 28 24 4
  24 4 28 4
  28 4 28 28
  28 28 24 28
  24 28 24 32
  24 32 8 32
glyph 1087 32 8
  4 32 4 0
  4 0 8 0
  8 0 8 28
  8 28 24 28
  24 28 24 0
  24 0 28 0
  28 0 28 32
  28 32 4 32
glyph 1088 32 24
  4 32 4 -8
  4 -8 8 -8
  8 -8 8 4
  8 4 12 4
  12 4 12 0
  12 0 24 0
  24 0 24 4
  24 4 28 4
  28 4 28 28
  28 28 24 28
  24 28 24 4
  24 4 12 4
  12 4 12 8
  12 8 8 8
  8 8 8 24
  8 24 12 24
  12 24 12 28
  12 28 24 28
  24 28 24 32
  24 32 12 32
  12 32 12 28
  12 28 8 28
  8 28 8 32
  8 32 4 32
glyph 1089 32 20
  8 32 8 28
  8 28 4 28
  4 28 4 4
  4 4 8 4
  8 4 8 0
  8 0 24 0
  24 0 24 4
  24 4 28 4
  28 4 28 8
  28 8 24 8
  24 8 24 4
  24 4 8 4
  8 4 8 28
  8 28 24 28
  24 28 24 24
  24 24 28 24
  28 24 28 28
  28 28 24 28
  24 28 24 32
  24 32 8 32
glyph 1090 32 8
  4 32 4 28
  4 28 16 28
  16 28 16 0
  16 0 20 0
  20 0 20 28
  20 28 32 28
  32 28 32 32
  32 32 4 32
glyph 1091 32 28
  4 32 4 24
  4 24 8 24
  8 24 8 16
  8 16 12 16
  12 16 12 0
  12 0 8 0
  8 0 8 -4
  8 -4 4 -4
  4 -4 4 -8
  4 -8 12 -8
  12 -8 12 0
  12 0 16 0
  16 0 16 8
  16 8 20 8
  20 8 20 16
  20 16 24 16
  24 16 24 24
  24 24 28 24
  28 24 28 32
  28 32 24 32
  24 32 24 24
  24 24 20 24
  20 24 20 16
  20 16 12 16
  12 16 12 24
  12 24 8 24
  8 24 8 32
  8 32 4 32
glyph 1092 32 28
  16 44 16 32
  16 32 8 32
  8 32 8 28
  8 28 4 28
  4 28 4 4
  4 4 8 4
  8 4 8 28
  8 28 16 28
  16 28 16 4
  16 4 8 4
  8 4 8 0
  8 0 16 0
  16 0 16 -8
  16 -8 20 -8
  20 -8 20 0
  20 0 28 0
  28 0 28 4
  28 4 32 4
  32 4 32 28
  32 28 28 28
  28 28 28 4
  28 4 20 4
  20 4 20 28
  20 28 28 28
  28 28 28 32
  28 32 20 32
  20 32 20 44
  20 44 16 44
glyph 1093 32 36
  4 32 4 24
  4 24 8 24
  8 24 8 20
  8 20 12 20
  12 20 12 12
  12 12 8 12
  8 12 8 8
  8 8 4 8
  4 8 4 0
  4 0 8 0
  8 0 8 8
  8 8 12 8
  12 8 12 12
  12 12 20 12
  20 12 20 8
  20 8 24 8
  24 8 24 0
  24 0 28 0
  28 0 28 8
  28 8 24 8
  24 8 24 12
  24 12 20 12
  20 12 20 20
  20 20 24 20
  24 20 24 24
  24 24 28 24
  28 24 28 32
  28 32 24 32
  24 32 24 24
  24 24 20 24
  20 24 20 20
  20 20 12 20
  12 20 12 24
  12 24 8 24
  8 24 8 32
  8 32 4 32
glyph 1094 32 12
  4 32 4 0
  4 0 28 0
  28 0 28 -8
  28 -8 32 -8
  32 -8 32 4
  32 4 28 4
  28 4 28 32
  28 32 24 32
  24 32 24 4
  24 4 8 4
  8 4 8 32
  8 32 4 32
glyph 1095 32 16
  4 32 4 12
  4 12 8 12
  8 12 8 8
  8 8 20 8
  20 8 20 12
  20 12 24 12
  24 12 24 0
  24 0 28 0
  28 0 28 32
  28 32 24 32
  24 32 24 16
  24 16 20 16
  20 16 20 12
  20 12 8 12
  8 12 8 32
  8 32 4 32
glyph 1096 32 12
  4 32 4 0
  4 0 32 0
  32 0 32 32
  32 32 28 32
  28 32 28 4
  28 4 20 4
  20 4 20 32
  20 32 16 32
  16 32 16 4
  16 4 8 4
  8 4 8 32
  8 32 4 32
glyph 1097 32 16
  0 32 0 0
  0 0 28 0
  28 0 28 -8
  28 -8 32 -8
  32 -8 32 4
  32 4 28 4
  28 4 28 32
  28 32 24 32
  24 32 24 4
  24 4 16 4
  16 4 16 32
  16 32 12 32
  12 32 12 4
  12 4 4 4
  4 4 4 32
  4 32 0 32
glyph 1098 32 16
  4 32 4 28
  4 28 12 28
  12 28 12 0
  12 0 28 0
  28 0 28 4
  28 4 32 4
  32 4 32 16
  32 16 28 16
  28 16 28 4
  28 4 16 4
  16 4 16 16
  16 16 28 16
  28 16 28 20
  28 20 16 20
  16 20 16 32
  16 32 4 32
glyph 1099 32 18
  4 32 4 0
  4 0 16 0
  16 0 16 4
  16 4 20 4
  20 4 20 16
  20 16 16 16
  16 16 16 4
  16 4 8 4
  8 4 8 16
  8 16 16 16
  16 16 16 20
  16 20 8 20
  8 20 8 32
  8 32 4 32
  24 32 24 0
  24 0 28 0
  28 0 28 32
  28 32 24 32
glyph 1100 32 14
  4 32 4 0
  4 0 24 0
  24 0 24 4
  24 4 28 4
  28 4 28 16
  28 16 24 16
  24 16 24 4
  24 4 8 4
  8 4 8 16
  8 16 24 16
  24 16 24 20
  24 20 8 20
  8 20 8 32
  8 32 4 32
glyph 1101 32 32
  8 32 8 28
  8 28 4 28
  4 28 4 24
  4 24 8 24
  8 24 8 28
  8 28 20 28
  20 28 20 24
  20 24 24 24
  24 24 24 20
  24 20 8 20
  8 20 8 16
  8 16 24 16
  24 16 24 8
  24 8 20 8
  20 8 20 4
  20 4 8 4
  8 4 8 8
  8 8 4 8
  4 8 4 4
  4 4 8 4
  8 4 8 0
  8 0 20 0
  20 0 20 4
  20 4 24 4
  24 4 24 8
  24 8 28 8
  28 8 28 24
  28 24 24 24
  24 24 24 28
  24 28 20 28
  20 28 20 32
  20 32 8 32
glyph 1102 32 24
  4 32 4 0
  4 0 8 0
  8 0 8 16
  8 16 12 16
  12 16 12 4
  12 4 16 4
  16 4 16 0
  16 0 24 0
  24 0 24 4
  24 4 28 4
  28 4 28 28
  28 28 24 28
  24 28 24 4
  24 4 16 4
  16 4 16 28
  16 28 24 28
  24 28 24 32
  24 32 16 32
  16 32 16 28
  16 28 12 28
  12 28 12 20
  12 20 8 20
  8 20 8 32
  8 32 4 32
glyph 1103 32 26
  8 32 8 28
  8 28 4 28
  4 28 4 16
  4 16 8 16
  8 16 8 28
  8 28 24 28
  24 28 24 16
  24 16 8 16
  8 16 8 12
  8 12 12 12
  12 12 12 8
  12 8 8 8
  8 8 8 4
  8 4 4 4
  4 4 4 0
  4 0 8 0
  8 0 8 4
  8 4 12 4
  12 4 12 8
  12 8 16 8
  16 8 16 12
  16 12 24 12
  24 12 24 0
  24 0 28 0
  28 0 28 32
  28 32 8 32
glyph 1104 32 30
  8 48 8 44
  8 44 16 44
  16 44 16 40
  16 40 24 40
  24 40 24 44
  24 44 16 44
  16 44 16 48
  16 48 8 48
  8 32 8 28
  8 28 24 28
  24 28 24 20
  24 20 8 20
  8 20 8 28
  8 28 4 28
  4 28 4 4
  4 4 8 4
  8 4 8 0
  8 0 24 0
  24 0 24 4
  24 4 28 4
  28 4 28 8
  28 8 24 8
  24 8 24 4
  24 4 8 4
  8 4 8 16
  8 16 28 16
  28 16 28 28
  28 28 24 28
  24 28 24 32
  24 32 8 32
glyph 1105 32 30
  8 48 8 40
  8 40 12 40
  12 40 12 48
  12 48 8 48
  20 48 20 40
  20 40 24 40
  24 40 24 48
  24 48 20 48
  8 32 8 28
  8 28 24 28
  24 28 24 20
  24 20 8 20
  8 20 8 28
  8 28 4 28
  4 28 4 4
  4 4 8 4
  8 4 8 0
  8 0 24 0
  24 0 24 4
  24 4 28 4
  28 4 28 8
  28 8 24 8
  24 8 24 4
  24 4 8 4
  8 4 8 16
  8 16 28 16
  28 16 28 28
  28 28 24 28
  24 28 24 32
  24 32 8 32
glyph 1106 32 28
  4 44 4 40
  4 40 0 40
  0 40 0 36
  0 36 4 36
  4 36 4 0
  4 0 8 0
  8 0 8 24
  8 24 12 24
  12 24 12 28
  12 28 24 28
  24 28 24 -4
  24 -4 16 -4
  16 -4 16 -8
  16 -8 24 -8
  24 -8 24 -4
  24 -4 28 -4
  28 -4 28 28
  28 28 24 28
  24 28 24 32
  24 32 12 32
  12 32 12 28
  12 28 8 28
  8 28 8 36
  8 36 16 36
  16 36 16 40
  16 40 8 40
  8 40 8 44
  8 44 4 44
glyph 1107 32 14
  16 48 16 44
  16 44 8 44
  8 44 8 40
  8 40 16 40
  16 40 16 44
  16 44 24 44
  24 44 24 48
  24 48 16 48
  4 32 4 0
  4 0 8 0
  8 0 8 28
  8 28 28 28
  28 28 28 32
  28 32 4 32
glyph 1108 32 32
  12 32 12 28
  12 28 8 28
  8 28 8 24
  8 24 4 24
  4 24 4 8
  4 8 8 8
  8 8 8 4
  8 4 12 4
  12 4 12 0
  12 0 24 0
  24 0 24 4
  24 4 28 4
  28 4 28 8
  28 8 24 8
  24 8 24 4
  24 4 12 4
  12 4 12 8
  12 8 8 8
  8 8 8 16
  8 16 24 16
  24 16 24 20
  24 20 8 20
  8 20 8 24
  8 24 12 24
  12 24 12 28
  12 28 24 28
  24 28 24 24
  24 24 28 24
  28 24 28 28
  28 28 24 28
  24 28 24 32
  24 32 12 32
glyph 1109 32 32
  8 32 8 28
  8 28 4 28
  4 28 4 20
  4 20 8 20
  8 20 8 16
  8 16 16 16
  16 16 16 12
  16 12 24 12
  24 12 24 4
  24 4 8 4
  8 4 8 8
  8 8 4 8
  4 8 4 4
  4 4 8 4
  8 4 8 0
  8 0 24 0
  24 0 24 4
  24 4 28 4
  28 4 28 12
  28 12 24 12
  24 12 24 16
  24 16 16 16
  16 16 16 20
  16 20 8 20
  8 20 8 28
  8 28 24 28
  24 28 24 24
  24 24 28 24
  28 24 28 28
  28 28 24 28
  24 28 24 32
  24 32 8 32
glyph 1110 32 14
  16 44 16 36
  16 36 20 36
  20 36 20 44
  20 44 16 44
  12 32 12 28
  12 28 16 28
  16 28 16 4
  16 4 8 4
  8 4 8 0
  8 0 28 0
  28 0 28 4
  28 4 20 4
  20 4 20 32
  20 32 12 32
glyph 1111 32 18
  8 44 8 36
  8 36 12 36
  12 36 12 44
  12 44 8 44
  20 44 20 36
  20 36 24 36
  24 36 24 44
  24 44 20 44
  12 32 12 28
  12 28 16 28
  16 28 16 4
  16 4 8 4
  8 4 8 0
  8 0 28 0
  28 0 28 4
  28 4 20 4
  20 4 20 32
  20 32 12 32
glyph 1112 32 22
  20 44 20 36
  20 36 24 36
  24 36 24 44
  24 44 20 44
  16 32 16 28
  16 28 20 28
  20 28 20 0
  20 0 16 0
  16 0 16 -4
  16 -4 8 -4
  8 -4 8 0
  8 0 4 0
  4 0 4 -4
  4 -4 8 -4
  8 -4 8 -8
  8 -8 16 -8
  16 -8 16 -4
  16 -4 20 -4
  20 -4 20 0
  20 0 24 0
  24 0 24 32
  24 32 16 32
glyph 1113 32 22
  4 32 4 4
  4 4 0 4
  0 4 0 0
  0 0 4 0
  4 0 4 4
  4 4 8 4
  8 4 8 28
  8 28 16 28
  16 28 16 0
  16 0 28 0
  28 0 28 4
  28 4 32 4
  32 4 32 16
  32 16 28 16
  28 16 28 4
  28 4 20 4
  20 4 20 16
  20 16 28 16
  28 16 28 20
  28 20 20 20
  20 20 20 32
  20 32 4 32
glyph 1114 32 22
  4 32 4 0
  4 0 8 0
  8 0 8 16
  8 16 16 16
  16 16 16 0
  16 0 28 0
  28 0 28 4
  28 4 32 4
  32 4 32 16
  32 16 28 16
  28 16 28 4
  28 4 20 4
  20 4 20 16
  20 16 28 16
  28 16 28 20
  28 20 20 20
  20 20 20 32
  20 32 16 32
  16 32 16 20
  16 20 8 20
  8 20 8 32
  8 32 4 32
glyph 1115 32 24
  4 44 4 40
  4 40 0 40
  0 40 0 36
  0 36 4 36
  4 36 4 0
  4 0 8 0
  8 0 8 24
  8 24 12 24
  12 24 12 28
  12 28 24 28
  24 28 24 0
  24 0 28 0
  28 0 28 28
  28 28 24 28
  24 28 24 32
  24 32 12 32
  12 32 12 28
  12 28 8 28
  8 28 8 36
  8 36 16 36
  16 36 16 40
  16 40 8 40
  8 40 8 44
  8 44 4 44
glyph 1116 32 44
  16 48 16 44
  16 44 8 44
  8 44 8 40
  8 40 16 40
  16 40 16 44
  16 44 24 44
  24 44 24 48
  24 48 16 48
  4 32 4 0
  4 0 8 0
  8 0 8 16
  8 16 12 16
  12 16 12 12
  12 12 16 12
  16 12 16 8
  16 8 20 8
  20 8 20 4
  20 4 24 4
  24 4 24 0
  24 0 28 0
  28 0 28 4
  28 4 24 4
  24 4 24 8
  24 8 20 8
  20 8 20 12
  20 12 16 12
  16 12 16 16
  16 16 12 16
  12 16 12 20
  12 20 16 20
  16 20 16 24
  16 24 20 24
  20 24 20 28
  20 28 28 28
  28 28 28 32
  28 32 20 32
  20 32 20 28
  20 28 16 28
  16 28 16 24
  16 24 12 24
  12 24 12 20
  12 20 8 20
  8 20 8 32
  8 32 4 32
glyph 1117 32 28
  8 48 8 44
  8 44 16 44
  16 44 16 40
  16 40 24 40
  24 40 24 44
  24 44 16 44
  16 44 16 48
  16 48 8 48
  4 32 4 0
  4 0 12 0
  12 0 12 8
  12 8 16 8
  16 8 16 16
  16 16 20 16
  20 16 20 24
  20 24 24 24
  24 24 24 0
  24 0 28 0
  28 0 28 32
  28 32 20 32
  20 32 20 24
  20 24 16 24
  16 24 16 16
  16 16 12 16
  12 16 12 8
  12 8 8 8
  8 8 8 32
  8 32 4 32
glyph 1118 32 40
  4 52 4 44
  4 44 8 44
  8 44 8 40
  8 40 24 40
  24 40 24 44
  24 44 28 44
  28 44 28 52
  28 52 24 52
  24 52 24 44
  24 44 8 44
  8 44 8 52
  8 52 4 52
  4 32 4 24
  4 24 8 24
  8 24 8 16
  8 16 12 16
  12 16 12 0
  12 0 8 0
  8 0 8 -4
  8 -4 4 -4
  4 -4 4 -8
  4 -8 12 -8
  12 -8 12 0
  12 0 16 0
  16 0 16 8
  16 8 20 8
  20 8 20 16
  20 16 24 16
  24 16 24 24
  24 24 28 24
  28 24 28 32
  28 32 24 32
  24 32 24 24
  24 24 20 24
  20 24 20 16
  20 16 12 16
  12 16 12 24
  12 24 8 24
  8 24 8 32
  8 32 4 32
glyph 1119 32 12
  8 32 8 0
  8 0 16 0
  16 0 16 -8
  16 -8 20 -8
  20 -8 20 0
  20 0 28 0
  28 0 28 32
  28 32 24 32
  24 32 24 4
  24 4 12 4
  12 4 12 32
  12 32 8 32
glyph 8211 32 4
  4 20 4 16
  4 16 28 16
  28 16 28 20
  28 20 4 20
glyph 8212 32 4
  0 20 0 16
  0 16 32 16
  32 16 32 20
  32 20 0 20
glyph 8230 32 12
  4 8 4 0
  4 0 8 0
  8 0 8 8
  8 8 4 8
  16 8 16 0
  16 0 20 0
  20 0 20 8
  20 8 16 8
  28 8 28 0
  28 0 32 0
  32 0 32 8
  32 8 28 8
# Generated by tools/py/source2dsl.py from assets/script/source/field.py. Do not edit: change
# the source or the tool, then regenerate.
# title: SWORD FROM THE CASTLE (1995)
# rooms: 19, lines: 138

start открытое_поле

room открытое_поле Открытое поле
: Впереди темнеет древний лес. Слева слышится утробное рычание, а справа покосившаяся хижина.
идти древний_лес : go древний_лес
идти пещера_дракона : go пещера_дракона
идти двор_отшельника : go двор_отшельника
идти домой : end Вы решили, что приключения не для вас, и ушли домой.
использовать лопата +лопата -кость : +кость Раскопав землю, вы нашли старую кость.

room древний_лес Древний лес
: Тропа уходит в топкое болото.
-факел: Высоко на ветке застрял потухший факел.
идти открытое_поле : go открытое_поле
идти солнечная_поляна +лодка : go солнечная_поляна Вы переплыли трясину на лодке. (ПАРОЛЬ: 138)
идти солнечная_поляна -лодка : end Вы увязли в трясине и пошли ко дну.
взять факел -факел : Слишком высоко, не дотянуться.
использовать хлыст +хлыст -факел : +факел Ударом хлыста вы сбили факел!
использовать топор +топор -лодка : +лодка Срубив пару деревьев, вы связали лодку.

room пещера_дракона Пещера Дракона
: В сырой пещере обитает свирепый дракон.
-алмаз: Под его лапами тускло мерцает алмаз.
идти открытое_поле : go открытое_поле
идти вглубь_пещеры : end Вас сожгли дотла и съели на завтрак.
взять алмаз -алмаз +_dragon_scared : +алмаз Вы осторожно забрали камень.
взять алмаз -алмаз -_dragon_scared : Дракон не подпустит вас к сокровищу!
использовать факел +факел -_dragon_scared : +_dragon_scared Пламя факела напугало дракона!

room двор_отшельника Двор отшельника
: Перед хижиной бьется на цепи злобная собака. Слева сарай, справа странная яма.
идти открытое_поле : go открытое_поле
идти старый_сарай : go старый_сарай
идти волчья_яма : end Вы рухнули в замаскированную волчью яму и погибли.
идти хижина +_dog_fed : go хижина
идти хижина -_dog_fed : Собака скалится и не дает пройти.
использовать кость +кость -_dog_fed : +_dog_fed Собака вцепилась в кость и пропустила вас.

room старый_сарай Старый сарай
: В куче гнилой соломы труха от веревки.
-лопата: Рядом валяется ржавая лопата.
идти двор_отшельника : go двор_отшельника
взять лопата -лопата : +лопата Вы отряхнули от пыли крепкую лопату.
взять веревка : Она рассыпалась в пыль прямо в руках.

room хижина Хижина
: Хозяин читает книгу при свете огарка.
-хлыст: На пороге валяется отличный кожаный хлыст.
идти двор_отшельника : go двор_отшельника
взять хлыст -хлыст : +хлыст Вы незаметно сунули хлыст за пояс.
использовать алмаз +алмаз -топор : +топор Глаза старика загорелись! Он выхватил алмаз и дал вам топор.
говорить со_стариком : "Дашь мне что-нибудь ценное — помогу", — буркнул он.

room солнечная_поляна Солнечная поляна
: Слева пахнет похлебкой, впереди Замок, а справа заброшенный кабинет.
-масленка: В траве лежит масленка.
идти древний_лес : go древний_лес
идти кухня : go кухня
идти кабинет : go кабинет
идти ров_перед_замком : go ров_перед_замком
взять масленка -масленка : +масленка Вы подобрали полную масленку.

room кабинет Кабинет
: Комната затянута паутиной. У дальней стены стоит массивный резной шкаф.
идти солнечная_поляна : go солнечная_поляна
идти подвал_с_троллем +_cabinet_open : go подвал_с_троллем
идти подвал_с_троллем -_cabinet_open : Шкаф преграждает спуск в подвал.
взять ключ -ключ +_door_oiled : +ключ Вы подняли призрачный ключ.
взять ключ -ключ -_door_oiled : Тут нет ключа.
использовать масленка +масленка -_door_oiled : +_door_oiled Смазав петли, вы открыли дверь без скрипа. Испуганное привидение выронило КЛЮЧ!
использовать ключ +ключ -_cabinet_open : +_cabinet_open Ключ подошел! Шкаф отъехал, открыв спуск.

room кухня Кухня
: Над огнем кипит тяжелый чугунный чан с похлебкой. Слева дверь в сейфовую.
идти солнечная_поляна : go солнечная_поляна
идти сейфовая_комната : go сейфовая_комната
взять чан -чан : Он раскален! Обожжете руки.
использовать полотенце +полотенце -чан : +чан Обмотав руки, вы сняли чан с огня.

room сейфовая_комната Сейфовая комната
: Богато обставленная комната. В углу вмонтирован стальной сейф.
идти кухня : go кухня
использовать лом +лом -полотенце : +полотенце Взломав сейф ломом, вы нашли внутри плотное полотенце.

room подвал_с_троллем Подвал с Троллем
: Путь преграждает огромный тролль. За его спиной на стене виден рычаг.
идти кабинет : go кабинет
идти к_троллю : end Тролль одним ударом размазал вас по стене.
использовать чан +чан -_troll_burned : +_troll_burned Ошпаренный тролль дико взвыл и убежал во тьму!
использовать рычаг +_troll_burned -_bridge_down : +_bridge_down Вы повернули рычаг. Снаружи упал мост!
использовать рычаг -_troll_burned : Тролль вас убьет.

room ров_перед_замком Ров перед Замком
: Над Черным Замком кружат летучие мыши.
-лом: У края рва валяется лом.
идти солнечная_поляна : go солнечная_поляна
идти темница_замка +_bridge_down : go темница_замка На мосту вас оглушили. Очнулись вы в плену... (ПАРОЛЬ: 789)
идти темница_замка -_bridge_down : Мост поднят.
взять лом -лом : +лом Вы подняли тяжелый лом.

room темница_замка Темница Замка
: Холодная камера. На стене выцарапана надпись.
-кружка: На полу кружка.
-свеча: Рядом огарок свечи.
идти подземный_ход +_passage_open : go подземный_ход
идти подземный_ход -_passage_open : Сплошная стена.
взять свеча -свеча : +свеча Взята свеча.
взять кружка -кружка : +кружка Взята кружка.
осмотреть надпись -_read_hint : +_read_hint Надпись гласит: "НАЖМИ НА КАМЕНЬ СПРАВА".
использовать камень +_read_hint -_passage_open : +_passage_open Стена отъехала, открыв проход!
использовать камень -_read_hint : Какой камень?
использовать свеча +свеча -_candle_lit : +_candle_lit Огнивом вы зажгли свечу.

room подземный_ход Подземный ход
-_candle_lit: END В темноте вас растерзали пауки!
+_rubble_cleared: Свет свечи пугает пауков. Коридор свободен.
-_rubble_cleared: Свет свечи пугает пауков. Впереди коридор завален.
идти темница_замка : go темница_замка
идти коридор_смерти +_rubble_cleared : go коридор_смерти
идти коридор_смерти -_rubble_cleared : Проход завален.
использовать завал +_rubble2 -_rubble_cleared : +_rubble_cleared С огромным усилием вы растащили камни!
использовать завал +_rubble1 -_rubble_cleared : +_rubble2 Завал поддается, но нужно еще усилие.
использовать завал -_rubble1 -_rubble_cleared : +_rubble1 Очень тяжело. Камни еле сдвигаются.
использовать панель -_panel_pressed : +_panel_pressed Вы вдавили панель. Механизмы замка заскрежетали.

room коридор_смерти Коридор смерти
+_panel_pressed: Из стены торчит топор (ловушка отключена).
-_panel_pressed: END Из стены вылетел маятник и разрубил вас!
идти подземный_ход : go подземный_ход
идти каменная_лестница : go каменная_лестница

room каменная_лестница Каменная лестница
: Ступени ведут вниз. Они подозрительно чистые.
идти коридор_смерти : go коридор_смерти
идти развилка +_trap_disabled : go развилка
идти развилка -_trap_disabled : end Ступень провалилась, и вас пронзило стрелой!
бросить кружка +кружка -_trap_disabled : +_trap_disabled Вы кинули кружку. В нее вонзилась стрела! Путь чист.

room развилка Развилка
: Коридор ветвится. В стене мерцает красная кнопка.
идти каменная_лестница : go каменная_лестница
идти оружейная : go оружейная
идти сокровищница_замка +_vault_open : go сокровищница_замка
идти сокровищница_замка -_vault_open : Глухая стена.
нажать кнопка -_vault_open : +_vault_open Стена ушла под землю!

room оружейная Оружейная
+щит: Стойки для оружия давно пусты.
-щит: На постаменте тускло блестит серебряный щит.
идти развилка : go развилка
взять щит -щит : +щит Вы вооружились щитом.

room сокровищница_замка Сокровищница Замка
: В центре парит Меч-Реликвия! Путь к нему преграждает Призрачный Страж.
идти развилка : go развилка
использовать щит +щит -_guardian_defeated : +_guardian_defeated Щит отразил смертоносный луч Стража, и дух растаял!
взять меч +_guardian_defeated : win Вы сжали рукоять Меча! По телу прокатилась волна энергии. АБСОЛЮТНАЯ ВЛАСТЬ ВАША! ПОБЕДА!
взять меч -_guardian_defeated : end Страж испепелил вас одним лишь взглядом!
# Серое Сердце — интерактивная повесть по мотивам новелл А. Грина
# и анимации П. Гримо.
# Зима 1920 года. Романтическая фантасмагория о море, памяти и машине.

start набережная

room набережная Набережная Мойки
: Петроград, глухая ночь января 1920 года. Мороз сорок градусов. Вы идёте уже третий час, и кашель рвёт грудь. Голод грызёт изнутри — вы не ели двое суток. В висках глухо стучит. Белый стылый сумрак над промёрзшей Мойкой. За чугунной оградой — гранитная громада бывшего Ссудного Банка, опутанная трубами. Над ней мерцает рубиновый глазок семафора. В ограде — приоткрытая калитка; за ней — высокое крыльцо с гранитным портиком. И странно: сквозь вой паропроводов в мёртвом воздухе слышится глухой рокот прибоя. Три дня назад Сюзанна ушла сюда заложить материнский медальон и не вернулась.
-спички: На обледенелых ступенях подле пилона лежит фигура в рваном пальто. Пальцы мертвеца сжимают спичечный коробок.
взять спички -спички : +спички Вы приседаете, преодолевая слабость в коленях. Пальцы мертвеца разжимаются с сухим хрустом. Коробок заиндевел.
осмотреть труп : Лицо — синяя маска. На искусанных губах — застывшая розовая пена. На шее — тёмный укус с медным отливом по краям.
прислушаться к тишине : Ветер воет в растяжках труб. Под мостовой глухо ухает поршень. А поверх — далёкий рокот прибоя, которого здесь быть не может.
идти к крыльцу : go крыльцо
уйти в темноту : end Вы поворачиваетесь и уходите в морозную тьму. Кашель догоняет вас на середине моста. За спиной остаётся гранитная громада — и Сюзанна, которую вы не спасли. Каждую ночь вы будете слышать в вое вьюги глухой рокот прибоя — и знать, что этот зов остался без ответа.

room крыльцо Портал Банка
: Высокий гранитный портик. Вы держитесь за холодный камень, чтобы не упасть. Массивные дубовые двери с бронзовыми львами приоткрыты. В пастях львов — латунные переговорные раструбы. Из щели веет сырым теплом. За спиной остаётся калитка на набережную.
осмотреть двери : Створка подпёрта изнутри картонной пластиной с просечками. Кто-то вошёл внутрь и не вернулся.
осмотреть раструбы : Из медных глоток доносится треск реле и сухое покашливание дежурного.
говорить в раструб -_voice_heard : +_voice_heard "Вход по нарядам канцелярии утилизации. Ожидайте вызова." И — тише, будто из-под воды: "...помогите..." Голос тонкий, женский. Вы прижимаетесь ухом к холодной латуни.
говорить в раструб +_voice_heard : Из медной пасти — только сухой треск реле. Больше никто не отвечает.
выйти на набережную : go набережная
войти в вестибюль : go вестибюль

room вестибюль Парадный вестибюль
: Зал-колодец из белого мрамора, тронутый сажей. Потолок теряется в темноте, где в латунных трубах с тихим свистом пролетают гильзы пневмопочты. Вдоль стен поднимаются чугунные шахты лифтов со шкалами до минус сорокового горизонта. В центре — остывшая буржуйка. На стене — высокие часы с маятником-гильотиной. За конторкой — субъект с узким, бескровным лицом. Над барьером прибита жестяная планка: чиновник Синицын. Слева — тёмный проём гардеробной. Справа — низкая дверь караулки. За барьером — буфетная. А в глубине, за шахтами лифтов, наверх ведёт широкая лестница в галерею.
-_candle_lit -свеча: На краю полированного барьера — толстая стеариновая свеча.
-_candle_lit +свеча: Свеча у вас в руке. Белый толстый фитиль холоден.
+_candle_lit: Огонёк выхватывает из мрака круг пола в два шага. Дальше — свинцовый полумрак, где за шахтами лифтов шевелятся тени.
осмотреть часы : Стрелки замерли на 4:12. Внутри — лихорадочный бег храповика: пружина взведена до предела. Маятник блестит полированной сталью. Вы запоминаете: четыре... двенадцать...
осмотреть пневмопочту : Латунные трубы втягивают воздух и со стуком выплёвывают гильзы с сургучной печатью.
прислушаться к шахтам : Ваш сапог скрипнул по крошке — и в вышине галереи щёлкнул соленоид. Распределитель пневмопочты перевёл стрелку, отмечая вас.
взять свечу -свеча : +свеча Вы берёте свечу окоченевшими пальцами. В городе, где жгут книги ради тепла, фунт стеарина — залог выживания.
зажечь свечу +свеча +спички_отогреты -_candle_lit : +_candle_lit Спичка чиркнула жарко и сухо. Жёлтый огонёк встал над фитилём, оттеснив холодную тьму.
зажечь свечу +свеча +спички -спички_отогреты -_candle_lit : Серная головка обледенела и крошится. Спички нужно отогреть у тепла.
зажечь свечу +свеча -спички -_candle_lit : Вам нечем высечь огонь.
поговорить с чиновником -_clerk_heard : +_clerk_heard Вы окликаете Синицына. Он поднимает мутные глаза и перфорирует ленту ручным компостером, не останавливаясь: "Приём прекращён. Души отписаны в амортизационный фонд Его Величества."
поговорить с чиновником +_clerk_heard -_clerk_saved : Синицын молчит. Он лишь перфорирует ленту, не поднимая глаз.
предъявить карточку -карточка +_clerk_heard : Вы разводите пустые руки. Синицын смотрит на них — и не отвечает.
предъявить карточку +карточка +_clerk_heard -_clerk_saved : +_clerk_saved +ключ_клерка Компостер падает. Глаза расширяются. Он смотрит на подпись. На свою собственную подпись. "Маша Бранд... Ордер на разборку за моим личным номером. Я подписал его за осьмушку чая и облатку сахарина." Он отдёргивает руки, будто бумага обожгла пальцы. "Заберите... умоляю, верните её отцу, если он ещё жив. Возьмите ключ. Он отпирает парадный зал на втором этаже. Идите. И не говорите ему, чья это подпись."
предъявить карточку +карточка +_clerk_saved : Синицын уже видел карточку. Он лишь беззвучно вздрагивает, глядя в стол.
поговорить с чиновником +_clerk_saved : Он утыкается лбом в конторку: "Смотрите под ноги в галереях. Там провальные люки для недовольных."
войти в гардероб : go гардероб
войти в караулку : go охрана
войти в буфетную : go буфет
подняться в галерею +_candle_lit : go коридор
подняться в галерею -_candle_lit : Лестница обрывается в темноту. Шагнуть без огня — сорваться в провал.
выйти на крыльцо : go крыльцо

room гардероб Парадный гардероб
: Ряды чугунных крючьев уходят в ледяную полутьму. Механические вешалки со скрипом перебирают пустоту. С лепного карниза свисают иглы сосулек, под ногами хрустит чёрная наледь. Позади — дверь в вестибюль.
-осколок: В лёд под разбитым трюмо вмёрз крупный осколок зеркала в серебряном ободе.
взять осколок -осколок : +осколок Вы откололи тяжёлое стекло. В амальгаме — ваше отражение: серое лицо, провалившиеся глаза, мокрые от пота волосы. Вы отворачиваетесь.
осмотреть вешалки : Механические плечики перебирают пустоту. Лишь на одной стойке в глубине сиротливо качается забытая офицерская шинель.
осмотреть шинель : Шинель изъедена снизу мелкими зубами. В кармане — горсть сухих зёрен овса и обрывок морской карты: бухта, мыс, название города — Зурбаган.
прислушаться к стенам : Сухой треск лопающегося от стужи камня. За панелями сухо тикают десятки скрытых таймеров.
вернуться в вестибюль : go вестибюль

room буфет Офицерский буфет
: Разграбленные буфеты орехового дерева. На цинковой стойке — пустые коробки монпансье «Жорж Борман». У дальней стены гудит стальной калорифер с манометром. Под перевёрнутой чашкой прижат обрывок перфокарты. Позади — дверь в вестибюль.
прочитать записку : +_note_read Торопливый почерк Сюзанны с резким наклоном вправо: «Они заперли меня на третьем подземном горизонте. Я вижу их такими, какие они есть. У их предводителя корона из шестерён, и она живая. Я спрятала мамин медальон в будуаре — под веером, на столике у кресла. Если найдёшь — помни обо мне. Не верь их соловьям и короне — она пуста, как всё здесь. Кроме тебя. Прости за тот вечер — ты был не виноват. Твоя С.»
отогреть спички +спички -спички_отогреты : -спички +спички_отогреты Вы разложили коробок на горячих трубах калорифера. Лёд сошёл, серные головки оттаяли. Вы греете над трубами руки, пытаясь вернуть пальцам чувствительность.
осмотреть калорифер : Манометр подрагивает. Стальные рёбра вибрируют от пара из нижних котлов.
осмотреть стойку : Среди черепков — жестянка с сушёными морковными очистками, суррогатом чая. Голод тяжело сводит живот.
вернуться в вестибюль : go вестибюль

room охрана Дежурный пост
: Караулка с низким сводом. На стене вздрагивают латунные клапаны коммутатора. В полу — люк с решёткой, откуда тянет маслом, гарью и зерновой пылью. В железном шкафу, за спиной караульного, видна ветрозащитная лампа «Летучая мышь» в проволочном каркасе. За спиной — дверь в вестибюль.
-_guard_out: На табурете — караульный в форменной шинели. На голове — медный шлем с решётчатым забралом. Челюсти непрерывно жуют табак под монотонный стук метронома. Движения у него резкие, механические, будто внутри у него не живое тело, а часовой механизм, сросшийся с крысиным костяком.
+_guard_out -лампа: Железный шкаф распахнут. На крюке — та самая лампа «Летучая мышь».
+_guard_out +лампа -_lantern_lit: Лампа в руке. За толстым стеклом плещется керосин.
+_guard_out +_lantern_lit: Лампа горит ровным, устойчивым жёлтым пламенем, защищённым от сквозняков.
поговорить с караульным -_guard_out : Из-под шлема — глухой хрип: "Наряд аннулирован. Вы приписаны к переплаву механизмов. Ждите сигнала."
осмотреть караульного -_guard_out : Из-под суконного рукава виднеются серые суставчатые пальцы с плоскими когтями. Пальцы мерно подёргиваются в такт метроному.
показать осколок +осколок -_guard_out : +_guard_out В зеркале отразилась крысиная морда, впаянная в шестерни шлема. Тварь зашлась визгом ужаса, бросила винтовку и скользнула в люк пневмосброса. Скол обжигает пальцы ледяным холодом. По стеклу расходится тонкая трещина, но скол ещё послужит.
показать осколок -осколок -_guard_out : У вас нет осколка.
взять лампу +_guard_out -лампа : +лампа Вы сняли с крюка фонарь. Проволочная корзина защитит стекло, а пламя — от тяги.
взять лампу -_guard_out : Караульный заслоняет шкаф, скаля резцы: "Руки прочь от казённого добра!"
зажечь лампу +лампа +_candle_lit -_lantern_lit : +_lantern_lit Вы поднесли свечу к фитилю. Керосин занялся ровным ярким пламенем.
зажечь лампу +лампа -_candle_lit -_lantern_lit : Не от чего зажечь фитиль. Сначала нужен открытый огонь.
вернуться в вестибюль : go вестибюль
спуститься в подвал +_lantern_lit : go подвал
спуститься в подвал -_lantern_lit : Ледяная тяга из шахты собьёт пламя свечи. Без закрытого фонаря — гибель.

room коридор Анфилада присутствий
: Парадная галерея второго яруса. Ковёр глушит шаги. Вдоль стен — ниши со статуями слепых богинь, держащих раструбы акустической проводки. На стене — чёрный аппарат «Эриксон» с двумя медными чашами звонков. Анфилада тянется мимо дверей: библиотека, архив, кабинет, будуар, бухгалтерия. В самом конце — высокие створки парадного зала. Позади — лестница вниз, в вестибюль.
-_corridor_shock: Зловещая, гулкая тишина. Слышно лишь, как в висках молотом бьёт кровь.
+_corridor_shock -_phone_heard -_rats_cleared: Оглушительный звон! Медные чаши взрываются набатом над головой.
+_phone_heard -_rats_cleared: Трубка сорвана с медного рычага и качается на бронированном шнуре.
+_rats_cleared: Телефон разворочен: обезумевшая стая вырвала его из стены.

прислушаться к раструбу -_corridor_shock : +_corridor_shock Вы замерли у раструба — и прямо в ухо ударил яростный звонок!
осмотреть статуи богинь -_corridor_shock : +_corridor_shock Вы шагнули к нише, но телефон взорвался трезвоном над головой!
снять трубку -_corridor_shock : +_corridor_shock +_phone_heard +_voice_heard Вы сорвали трубку, заглушая звон. В мембране — механический голос: "Канцелярия брака. Код списания партии кукол — 709. Повторяю: семьсот девять. Сбросить в изолятор." И — тише, будто из-под воды: "...помогите..." Вы узнали этот голос. Семьсот девять.
отпереть зал -_corridor_shock : +_corridor_shock Вы потянулись к замку, но медный звон оборвал сердце!
играть на флейте +флейта -_corridor_shock : +_corridor_shock Вы подняли инструмент, но треск звонков сорвал дыхание!
играть на флейте -флейта -_corridor_shock : +_corridor_shock Вы поднесли к губам пустые пальцы — и треск звонков оглушил вас.
войти в библиотеку -_corridor_shock : +_corridor_shock Вы шагнули к дверям, но раскатистый трезвон отшатнул вас!
войти в архив -_corridor_shock : +_corridor_shock В тишине разорвался набат, эхом ударив по камню!
войти в кабинет -_corridor_shock : +_corridor_shock Вы взялись за ручку, но бешеный звон аппарата заставил вас замереть!
войти в будуар -_corridor_shock : +_corridor_shock Звон хлестнул по ушам, сбив шаг!
войти в бухгалтерию -_corridor_shock : +_corridor_shock Треск медных чаш сотряс галерею!
войти в зал -_corridor_shock : +_corridor_shock Звон сорвал тишину в клочья!
спуститься в вестибюль -_corridor_shock : +_corridor_shock Вы попятились, но телефон взорвался звоном!

прислушаться к тишине +_corridor_shock : Только глухой шорох под ковром да далёкий гул в шахтах.
осмотреть статуи богинь +_corridor_shock : Слепые богини с пустыми глазницами держат раструбы, вслушиваясь в каждый шорох.
снять трубку +_corridor_shock -_phone_heard -_rats_cleared : +_phone_heard +_voice_heard Вы прижали трубку. Механический голос: "Канцелярия брака. Код списания партии кукол — 709." И тише: "...помогите..."
снять трубку +_corridor_shock +_phone_heard : В мембране — ровное сухое шипение обесточенной линии.
отпереть зал +_corridor_shock +ключ_клерка -_hall_unlocked : +_hall_unlocked Ключ провернулся. Створки зала ушли в пазы. За ними — шевелящийся серый ковёр крысиного пира. Без флейты или чужой помощи туда не ступить.
отпереть зал +_corridor_shock -ключ_клерка -_hall_unlocked : Замок с фигурным пазом. Нужен специальный ключ.
играть на флейте +_corridor_shock -флейта : У вас нет флейты.
играть на флейте +_corridor_shock +флейта -_hall_unlocked : Створки заперты броневыми жалюзи. Звук разобьётся о сталь.
играть на флейте +_corridor_shock +флейта +_hall_unlocked -_rats_cleared : +_rats_cleared Вы поднесли флейту к губам и извлекли пронзительную ноту. В зале — вой. Механические люки распахнулись, и сотни серых теней с визгом посыпались через пробитые витражи наружу, в метель.
играть на флейте +_corridor_shock +флейта +_hall_unlocked +_rats_cleared : Зал уже пуст. Флейта поёт в разбитые витражи, и звук её гулко тает в метели.
спуститься в вестибюль : go вестибюль
войти в библиотеку +_corridor_shock : go библиотека
войти в архив +_corridor_shock : go архив
войти в кабинет +_corridor_shock : go кабинет
войти в будуар +_corridor_shock : go будуар
войти в бухгалтерию +_corridor_shock : go бухгалтерия
войти в зал +_rats_cleared : go зал
войти в зал -_rats_cleared : За дверями — чавкающий пир. Войти — гибель.

room библиотека Библиотека Правления
: Высокий зал с винтовыми чугунными лестницами. По рельсам вдоль полок скользят стремянки с захватами. На пюпитре — прикованный цепью фолиант чертежей. Пахнет пылью и кожей переплётов. Позади — дверь в галерею.
-дневник: Между листами чертежей — вложенный вчетверо листок с пятнами сажи. Почерк тот же, что и в примечаниях на полях. Подписи нет, но рука одна и та же.
прочитать черновик -дневник : +дневник «Они именуют себя Избавителями от страданий. Их логика проста: живой человек голодает, мёрзнет и мыслит. Заводной автомат, оживлённый сердцем, сыт и покорен. Я сам спроектировал эту схему. Но не всякое сердце годится. Нужно такое, что будет качать кровь, даже когда тело сдалось. Нужно любящее. И ещё: она видит людей насквозь. Без зеркал, без приборов — просто смотрит и знает, кто человек, а кто — оболочка на крысиных костях. Может быть, поэтому её сердце подходит. Я готовил Сюзанну сам. Если кто-то это читает — она ещё жива. Третий подземный горизонт. Не оставляйте её там.»
осмотреть полки : Атласы по часовым механизмам, анатомия гидравлических кукол, финансовые гроссбухи. Среди них — старые морские карты: Зурбаган, Лисс, Гель-Гью. Схемы подключения живых вен к золотниковым коробкам помечены «Одобрено к производству».
вернуться в галерею : go коридор

room архив Секретный архив
: Каземат без окон, освещённый дуговой лампой. Вдоль стен — стальные шкафы. За столом — женщина. Худая, с короткими волосами, сидит сгорбившись, как воробушек. Глаза у неё ясные, светло-голубые. Перед ней — лист ведомости, исписанный карандашом. На стене — огромное полотно в позолоченной раме. Позади — дверь в галерею.
+_arch_open: Полотно сдвинуто по рельсам. В нише — круглая дверца сейфа, как корабельный люк.
осмотреть картину : Залитый солнцем Зурбаган. Белые террасы, лазурная бухта, клипера на волне, акации. От полотна веет солью и теплом нагретого камня.
осмотреть раму -осколок : Рама сплошная, вмурованная в кладку.
осмотреть раму +осколок -_arch_open : Сквозь скол видна зубчатая передача за позолотой. Полотно — на скрытых рельсах сейфа.
осмотреть раму +осколок +_arch_open : Полотно уже отъехало, открывая нишу с сейфом.
набрать 412709 +_code_known -_arch_open : +_arch_open Вы провернули лимб: 4-12-709. Свист воздуха, и картина отъехала в сторону.
набрать 412709 -_code_known -_arch_open : Вы вертите лимб наугад. Механизм щёлкает, но порядок цифр ускользает. Где-то в этом доме вода отбивает чужой ритм.
поговорить с женщиной -_poetess_heard : +_poetess_heard Она вздрагивает от вашего голоса, но поднимает глаза: "Я записываю сюда живой мир, пока этот город не переплавили в чугун. Пока звучит свободная строка — автоматоны не победили. Меня зовут Вера."
поговорить с женщиной +_poetess_heard -_poet_saved -_poet_lost : Она молча пишет, не поднимая головы, но вы чувствуете: она рада, что в комнате живой человек.
поговорить с женщиной +_poet_saved : Она сосредоточенно пишет, удерживая в памяти образы исчезающего мира.
поговорить с женщиной +_poet_lost : За конторкой никого нет. Вы сами прогнали её отсюда, и её уже не вернуть.
поддержать её +_poetess_heard -_poet_saved -_poet_lost : +_poet_saved +поэма "Пишите. Слово сильнее железных шестерней", — тихо говорите вы. Она молча протягивает вам листок и огрызок карандаша: "Возьмите песнь о Зурбагане. Она — для тех, чьё сердце не согласно стать механизмом."
поддержать её +_poet_saved : Вы уже поддержали её. Поэма бережно сохранена у вашего сердца.
поддержать её +_poet_lost : Она уже покинула архив. Слова бессильны.
отговорить её +_poetess_heard -_poet_saved -_poet_lost : +_poet_lost "Бросьте рифмы. В этом мире выживают сталью и пайками, а не песнями", — сухо бросаете вы. Она вздрагивает, как от удара, гасит лампу и молча уходит в темноту галерей. Голубых глаз вы больше не увидите. И спасительной строки вам уже никто не напишет.
отговорить её +_poet_saved : Вы уже пробудили в ней волю к творчеству. Назад пути нет.
отговорить её +_poet_lost : Она уже покорилась судьбе и ушла.
войти в сейф +_arch_open +поэма : go зурбаган
войти в сейф +_arch_open -поэма : Вы шагнули в люк, но упёрлись в глухую заслонку. Без живой мечты этот ход мёртв.
вернуться в галерею : go коридор

room кабинет Кабинет Председателя
: Овальный зал в стиле ампир. В камине горят дрова. Вдоль стен — двадцать портретов хозяина: на каждом следующем он выше и величественнее. За пультом из красного дерева сидит господин в цилиндре и визитке. На латунной пластине пульта выбито: Председатель Коршунов. В руке у него трость — он мерно постукивает ею по паркету, как метроном. Под его ладонью — тяжёлая серебряная печать Правления. Рядом — модель парусника под стеклом, тонкая, как паутина. Позади — дверь в галерею.
-_bird_freed: На каминной полке в золочёной клетке — заводной соловей с рубиновыми глазами.
+_bird_freed: Клетка пуста, дверца распахнута.
+_boss_banished: Камин чадит. В кресле — цилиндр, опавшая визитка и горсть пепла.
+_boss_traded: Господин сидит в кресле, поглаживая ваш подарок. Трость лежит на пульте. Он молчит.
+_boss_banished -печать: На пульте — тяжёлая серебряная печать Правления.
+_boss_traded -печать: На пульте — тяжёлая серебряная печать Правления.
осмотреть клетку -_bird_freed +_note_read : В клетке — искусная латунная птица. При вашем шаге её пружина сухо щёлкает, и вы слышите в этом звуке человеческий шёпот. Соловей поёт голосами тех, кого пустили на переплав. Вот почему Сюзанна просила не верить им.
осмотреть клетку -_bird_freed -_note_read : В клетке — искусная латунная птица. При вашем шаге её пружина сухо щёлкает, повторяя чьи-то чужие, смазанные голоса.
осмотреть клетку +_bird_freed : Дверца распахнута настежь. Клетка пуста.
осмотреть парусник -_boss_banished : Тонкая работа. Паруса — из пергамента, рангоут — из меди. На борту — имя: «Зурбаган». Хозяин держит его под стеклом, как держат сердце.
осмотреть парусник +_boss_banished : Модель парусника «Зурбаган» цела. Колпак треснул от жара камина, но кораблик уцелел.
открыть клетку +_boss_banished -_bird_freed : +_bird_freed Вы откинули крючок. Соловей встрепенулся, издал чистую живую трель, спорхнул на карниз открытой форточки и растворился серебряным отблеском в метели.
открыть клетку +_boss_traded -_bird_freed : +_bird_freed Господин молча поднимает руку и откидывает крючок. Соловей встрепенулся, издал чистую живую трель и выпорхнул в форточку. Он отпустил его не из милости. Он продал всё, что держало его здесь.
открыть клетку +_bird_freed : Клетка уже открыта, птица на свободе.
открыть клетку -_boss_banished -_boss_traded : Хозяин кладёт ладонь на дверцу — стук трости замирает: "Не трогайте соловья. Он поёт только по моим законам."
поговорить с господином -_boss_banished -_boss_traded +осколок : Он улыбается тонкой, нарисованной улыбкой. Трость постукивает. "Добро пожаловать. На улице — голод, тиф, тьма. А здесь — вечный покой. Оставьте мне ваше зеркало, выпейте чаю с сахаром. Сюзанна вернётся к вам в фарфоре и шелках, совершенная и вечно молодая."
поговорить с господином -_boss_banished -_boss_traded -осколок : Он улыбается тонкой, нарисованной улыбкой. Трость постукивает по паркету. "Добро пожаловать. Но пришли вы с пустыми руками. Принесите что-нибудь в обмен — медальон, стихи, память. То, чем вы дорожите. Тогда поговорим о пропуске дальше."
поговорить с господином +_boss_banished : В кресле — лишь помятый цилиндр и опавшая визитка. Трости нет. Стука нет. Тишина.
поговорить с господином +_boss_traded : Господин сидит в кресле, поглаживая подарок. Трость лежит на пульте. Он не отвечает. Он больше ни в ком не нуждается.
показать осколок +осколок -_boss_banished -_boss_traded : +_boss_banished Вы вскинули осколок перед его глазами. В амальгаме — плешивая крыса в золотой короне из шестерён. Тварь завизжала, дёрнула рычаг люка — и провалилась в жерло мусоросброса. Трость упала на паркет. Скол тонко звенит и трещит по всей длине, но чудом выдерживает.
показать осколок -осколок -_boss_banished : У вас нет осколка.
отдать медальон +медальон -_boss_banished -_boss_traded : +_boss_traded -медальон Вы сняли с шеи медный медальон и положили на пульт. Господин накрыл его сухой ладонью, и на миг в его нарисованной улыбке что-то дрогнуло. Трость стукнула один раз. Он пододвинул вам печать и сомкнул пальцы на тёплой меди.
отдать медальон -медальон : У вас нет медальона.
отдать поэму +поэма -_boss_banished -_boss_traded : +_boss_traded -поэма Вы положили листок на пульт. Господин прочитал строфу медленно, без улыбки, аккуратно сложил бумагу и убрал во внутренний карман. "Хорошая рифма. Жаль, что рифмы здесь бесполезны." Трость стукнула. Он пододвинул вам печать.
отдать поэму -поэма : У вас нет поэмы.
взять печать +_boss_traded -печать : +печать Вы берёте печать со стола. Господин не препятствует.
взять печать +_boss_banished -печать : +печать Тяжёлая печать Правления: шестерня, обвитая колосьями, и корона.
взять печать -_boss_banished -_boss_traded : Господин накрывает печать ладонью. Трость замирает: "Это печать Правления. Не торопите события."
вернуться в галерею : go коридор

room будуар Будуар кукол
: Будуар с лиловыми шелковыми обоями. В резном кресле — девушка фарфоровой красоты, пастушка из придворной сказки. На столике подле кресла — тяжёлый расписной веер. Пахнет миндальным кремом, розовым маслом и часовой смазкой. Налево — дверь в галерею. В глубине комнаты — шёлковый альков, затянутый тяжёлой портьерой.
-_doll_true: Глаза опущены, веки сомкнуты, пальцы сжимают веер.
+_doll_true -_corinna_awake: На затылке откинута золочёная крышка: внутри вращается латунный барабан шкатулки со стальными штифтами.
+_corinna_awake: Взгляд куклы обрёл осмысленность и грусть. "Я слышу вас. Меня зовут Коринна. Я больше не заводная кукла тирана."
-медальон: Под столиком, наполовину прикрытый упавшим веером, лежит медный медальон на шнурке.
осмотреть девушку -_doll_true : Она кажется спящей, но грудь неподвижна, а на запястьях — шарнирные головки с винтами.
осмотреть веер -медальон : Тяжёлый расписной веер, соскользнувший на пол. Под ним что-то тёмное и медное.
осмотреть веер +медальон : Тяжёлый расписной веер лежит у кресла. Под ним — ничего, только пыль и след от шнурка.
взять медальон -медальон : +медальон Медный медальон Сюзанны — материнский. Внутри — засушенный василёк и прядка русых волос. Пахнет её духами и полынью. Вы прижимаете холодную медь к губам.
поговорить с девушкой -_doll_true : Фарфоровые губы сомкнуты. Она не отвечает.
поговорить с девушкой +_doll_true -_corinna_awake : Механизм молчит. Кукла недвижна — простыми словами её не разбудить. Быть может, стихи?
поговорить с девушкой +_corinna_awake : "Торопитесь в изолятор! Я проберусь по вентиляционным каналам к машинному отделению и перехвачу тяги клапана. А крыс в зале я усыплю пением через трубы. Сюзанна ещё жива. Я слышу её. И передайте Сюзанне: я тоже помню солнце."
осмотреть альков +_corinna_awake : За портьерой — потайная панель, отъехавшая в сторону: за ней узкий ход в изолятор кукол.
осмотреть альков -_corinna_awake +_doll_true : За портьерой — потайная панель, запертая пружинным ригелем. Механизм молчит, сколько ни нажимай.
осмотреть альков -_corinna_awake -_doll_true : За портьерой — глухая ниша. Ни шва, ни скважины.
показать осколок +осколок -_doll_true : +_doll_true В зеркале вместо шёлка — латунный скелет, пружинные тяги и микропоршни. Кукла застывает, и скол в вашей руке обжигает пальцы — ещё одна трещина рассекает амальгаму. Зеркало ещё держится. Она — такая же жертва, как Сюзанна.
показать осколок -осколок : У вас нет осколка.
нанести строфу +_doll_true +поэма -_corinna_awake : +_corinna_awake Карандашом Веры вы нанесли строфу о Зурбагане на барабан шкатулки. Музыка ожила хрустальным перезвоном. Кукла повернула голову: "Вы подарили мне душу. Я открыла потайной люк в изолятор кукол. Спешите! А в машинном отделении вложите стихи в считывающий валик органа — остальное я сделаю сама."
вернуться в галерею : go коридор
войти в кладовую +_corinna_awake : go кладовая
войти в кладовую -_corinna_awake +_doll_true : Пружинный ригель заперт снаружи. Открыть его может только сама кукла — но она ещё не пробудилась.
войти в кладовую -_corinna_awake -_doll_true : В глубине алькова — глухая стена. Хода отсюда нет.

room бухгалтерия Расчетная палата
: Зал конторских столов, засыпанных перфолентами. В центре — пишущая машинка «Ундервуд», соединённая тягами с замками конторки. Позади — дверь в галерею.
-карточка: Из лотка торчит учётная карточка.
взять карточку -карточка : +карточка Карточка на имя Марии Бранд, перфораторщицы. В графе: «Передана для сборки ритмического узла котельной». Подпись: чиновник Синицын.
отстучать имя +карточка -_type_done : +_type_done Вы отстучали: М-А-Р-И-Я. Литеры ударили по бумаге, и в тумбе стола отскочила крышка тайника. Вы прячете карточку обратно в карман.
осмотреть тайник +_type_done -ключ_подвала : +ключ_подвала В тайнике — тяжёлый трёхгранный ключ от жалюзи машинного отделения.
вернуться в галерею : go коридор

room подвал Подземный коллектор
: Сводчатый тоннель из кирпича. Под ногами — сточная жижа. Пар со свистом вырывается из фланцев. Вдоль стен — пучки гидравлических шлангов. Пять люков ведут во тьму: один — наверх, в караулку; четыре — в котельную, мастерскую, депозитарий и прачечную. Здесь холод другой — сырой, могильный.
подняться в караулку : go охрана
войти в котельную : go котельная
войти в мастерскую : go мастерская
войти в депозитарий : go депозитарий
войти в прачечную : go прачечная

room котельная Водогрейная секция
: Огромные котлы дрожат от давления. В поддувалах гудит пламя. Манометры бьются, выпуская струи пара. У топки — сгорбленный кочегар в кожаном фартуке со стальной лопатой. Лицо у него тёмное от сажи, но глаза живые. Позади — дверь в коллектор.
поговорить с кочегаром -_brand_heard : +_brand_heard Старик хрипит сквозь вой пламени: "Я Бранд, старший механик пара. Сорок лет топлю котлы этого банка-ловушки. Теперь здесь жгут книги и жизни. Где моя Маша? Она ушла наверх за талонами и не вернулась. Ты её видел? Скажи, что видел."
поговорить с кочегаром +_brand_heard -_brand_spoken : Старик молча смотрит в пламя. Он ждёт вестей о Маше.
показать карточку -карточка +_brand_heard : Вы разводите пустые руки. Старик отворачивается к топке.
показать карточку +карточка +_brand_heard -_brand_spoken : +_brand_spoken Старик роняет лопату. Долго смотрит на строку «Мария Бранд». Потом тихо, хрипло: "Значит, разобрали мою девочку на шестерни... Слушай и запоминай ритм восстания: семь долей вверх, четыре вниз — так усыпляют стаю и сбивают ход гигантских поршней. Флейта мастера — в сейфе депозитария. Играй её, когда придёшь к Сердцу. И вот ещё что... Девушка, которую ты ищешь, — там. Я слышал её голос сквозь трубы. И ещё — возьми карточку назад. Я не могу её держать. Она сама приведёт тебя к Сердцу." Он смотрит на подпись. Долго. Потом отворачивается: "Я не хочу знать, чья она. Пусть будет просто бумага." Он вкладывает истрёпанный картон вам в руку.
показать карточку +карточка +_brand_spoken : Старик уже знает правду о Маше. Он молча смотрит в пламя топок.
поговорить с кочегаром +_brand_spoken : "Запомнил мелодию? Замки сейфа настроены на водяной метроном в прачечной. Слушай капель. Запомни ритм."
вернуться в коллектор : go подвал

room мастерская Механическая лаборатория
: Лаборатория часовщика. Под потолком на цепях — разобранные анатомические автоматоны. На верстаках — шестерни, реторты с глицерином, хирургические пилы. Позади — дверь в коллектор.
-клапан: На шёлковой подушке — закалённый стальной клапан с рубиновыми поясками.
взять клапан -клапан : +клапан Шедевр точной механики. Лепесток пружинит под пальцами, как живое маленькое сердце.
осмотреть чертежи : Чертежи шагающего парового автоматона. Тот же острый почерк, что и в библиотечном листке. Примечание на полях: клапан имеет обратный конус золотника; если заклинить им распределитель — скопившийся конденсат вызовет сокрушительный гидроудар и разорвёт паровую машину изнутри.
вернуться в коллектор : go подвал

room депозитарий Главный депозитарий
: Круглая бронированная комната. Посреди зала — тяжёлый сейф-монолит с зубчатыми передачами и кодовым штурвалом. Позади — дверь в коллектор.
-_dep_open: Сейф закрыт шестью ригелями.
+_dep_open +флейта: Сейф распахнут, лоток пуст.
+_dep_open -флейта: В сейфе — резная чёрная флейта с чеканными серебряными кольцами.
набрать 412709 +_code_known -_dep_open : +_dep_open Диски провернулись: 4-12-709. Стальная плита отошла в сторону.
набрать 412709 -_code_known -_dep_open : Вы вертите лимб наугад. Механизм щёлкает, но порядок цифр ускользает. Где-то в этом доме вода отбивает чужой ритм.
взять флейту +_dep_open -флейта : +флейта Вы взяли инструмент Крысолова. Чёрное дерево под пальцами кажется живым и слегка теплеет.
вернуться в коллектор : go подвал

room прачечная Санитарная прачечная
: Каменные чаны с щелочной пеной. Потолок рассечён трещиной, сквозь которую хлещет вода. Позади — дверь в коллектор.
прислушаться к воде : +_code_known Струя бьёт в таз мерно, как заводной механизм: 4 резких удара, 12 глухих капель, после паузы — частый плеск на 709 ударов. Ритм гидроаккумулятора. Вы запоминаете: четыре — двенадцать — семь-ноль-девять.
осмотреть чаны : В баках замочена гражданская одежда. Людей раздевали здесь перед отправкой на конвейер. Среди тряпья — детское пальтишко. Вы отворачиваетесь.
вернуться в коллектор : go подвал

room зал Колонный зал
: Парадная зала под куполом. Слева — дверь в галерею. Справа — низкая дверь кладовой. В глубине, за тяжёлой решёткой, — спуск в машинное отделение.
+_rats_cleared: Столы опрокинуты, посуда разбита. В выбитые витражи врывается метель. На полу — ни крошки: то, что не доели они, замело снегом.
осмотреть столы +_rats_cleared : Разбитая посуда, перевёрнутые блюда. Ветер задувает свечи одну за другой.
отведать яств +_rats_cleared : end Вы подбираете с пола кусок замерзшего мяса. Блюда были пропитаны карболкой и трупным ядом. Спазм скручивает желудок, сознание угасает. Последнее, что доносится сквозь метель, — тот же голос: "Прости..."
вернуться в галерею : go коридор
войти в кладовую +_rats_cleared : go кладовая
спуститься в машинное отделение +ключ_подвала +печать : go сердце
спуститься в машинное отделение -ключ_подвала : Доступ преграждает тяжёлая решётка. Замок не сдвинуть без ключа.
спуститься в машинное отделение +ключ_подвала -печать : Решётка поднята, но пульт заблокирован щитом с гербовым гнездом под печать Правления.

room кладовая Изолятор кукол
: Мрачный склад. На мешках из-под отрубей, среди сломанных шестерён, неподвижно лежит фигура в синем креповом платье. Справа — дверь в зал. Слева, за штабелем ящиков, — узкая щель потайного хода в будуар.
-_fake_tested: Это Сюзанна! Лицо бледно, ресницы опущены, руки скрещены на груди. Вы узнаёте платье, знакомый запах полыни и духов.
+_fake_tested: Зеркальный скол снял морок: перед вами механический манекен-ловушка.
осмотреть фигуру +осколок -_fake_tested : +_fake_tested -осколок Вы поднесли зеркало. Под восковой кожей — латунный каркас и взведённая пружина. Приманка! Настоящая Сюзанна жива и заперта у главного привода. И в тот же миг, когда под восковым лицом любимой обнажаются шестерни, амальгама не выдерживает. Зеркало с тихим звоном осыпается серебряной пылью. Оно спасло вам жизнь в последний раз.
осмотреть фигуру -осколок : Девушка кажется спящей, но неподвижность пугает. На запястье нет пульса. Проверить её нечем.
обнять фигуру -_fake_tested : end Вы бросились к ней и сжали в объятиях. Из рукавов выскочили стальные иглы, вонзившись в сердце. Вы застыли рядом — два экспоната дворцового склада. Последнее, что коснулось лица, — запах сухой полыни.
обнять фигуру +_fake_tested : Вы знаете, что это смертоносный муляж. Прикасаться к нему — безумие.
вернуться в будуар +_corinna_awake : go будуар
вернуться в будуар -_corinna_awake : Пружинный ригель заперт снаружи.
войти в зал +_rats_cleared : go зал
войти в зал -_rats_cleared +_corinna_awake : +_rats_cleared go зал Где-то далеко, в вентиляционных каналах, звучит серебряная песнь Коринны. Крысиный пир стихает — тени бегут к проломам, и в зале становится тихо. Путь свободен.
войти в зал -_rats_cleared -_corinna_awake : За дверью — чавкающий пир. Не пройти.

room сердце Машинное отделение: Серое Сердце
: Подземная пещера, похожая на нутро железного исполина. В центре высится Серое Сердце — пульсирующий медно-чугунный агрегат высотой в три этажа, соединённый с трубами парового органа. В кварцевой колбе с прозрачным соляным раствором парит живая Сюзанна. Её дыхание соединено трубками с центральным регулятором машины. Позади — ход в зал, через поднятую решётку.
осмотреть колбу +_voice_heard : Сюзанна жива. Сквозь толщу кварца видно, как слабо вздрагивают её веки. Она беззвучно шевелит губами, и в этом движении вы узнаёте голос, который уже слышали: «...помогите...» Это была она всё это время.
осмотреть колбу -_voice_heard : Сюзанна жива. Сквозь толщу кварца видно, как слабо вздрагивают её веки. Она беззвучно шевелит губами, повторяя одно и то же слово.
показать медальон +медальон -_medallion_shown +_note_read : +_medallion_shown Сюзанна видит тусклый блеск меди и прижимает ладонь к стеклу изнутри. По её щеке бежит слеза. Дыхание выравнивается. Вы помните её улыбку — ту самую, которой не видели с вечера вашей ссоры.
показать медальон +медальон -_medallion_shown -_note_read : +_medallion_shown Сюзанна видит тусклый блеск меди и прижимает ладонь к стеклу изнутри. По её щеке бежит слеза. Дыхание выравнивается. Вы помните её прежнюю улыбку.
показать медальон -медальон : У вас нет медальона.
разбить колбу -_tube_hit : +_tube_hit Вы ударили по кварцу кулаком. Кварц отозвался глухим гулом, в суставах пальцев вспыхнула острая боль. Сюзанна внутри качает головой: не надо.
разбить колбу +_tube_hit : Кварц не поддаётся. Кулак саднит, а толку нет.
играть на флейте +флейта -_brand_spoken : Дерево молчит под пальцами: инструмент мёртв без напева. Мелодию восстания помнит старый кочегар у топок.
играть на флейте -флейта : У вас нет флейты.
заклинить клапан -клапан : Вам нечем заклинить распределитель.
вложить стихи +поэма -_corinna_awake : Вы вертите валик, но машина молчит. Нужна помощь той куклы, что обрела волю.
вложить стихи -поэма : Вам нечего вложить в приёмный валик.
сдаться : end Вы отворачиваетесь. Дорога назад длинна; на набережной мороз такой же, как в первый вечер. Вы идёте сквозь метель, зная, что оставили в этом подземелье всё. Домой вы возвращаетесь один. Каждую ночь вы будете слышать в вое труб её далёкий голос — и молчать.
вернуться в зал : go зал

# Финал 1: Освобождение через флейту Крысолова
играть на флейте +флейта +_brand_spoken -_corinna_awake : win Вы поднесли флейту к губам и вывели древний напев Бранда. Семь долей вверх. Четыре вниз. Семьсот девять. Звуки наполнили трубы парового органа — и в них было всё: море, детство, память, прощение. Колосс дрогнул. Поршни замедлили бег и застыли. Кварцевый цилиндр опустился на помост и раскрылся. Сюзанна сделала шаг и упала вам на руки. Она была худая и бледная, но она улыбалась. Стальной гигант склонил чугунную главу, пробив стену дворца, и в пролом ворвался морозный воздух. Вы вышли на набережную живого Петрограда. Сюзанна шла рядом, держась за ваш рукав.
играть на флейте +флейта +_brand_spoken +_corinna_awake : win Вы поднесли флейту к губам и вывели древний напев Бранда. Семь долей вверх. Четыре вниз. Семьсот девять. Звуки наполнили трубы парового органа — и в них было всё: море, детство, память, прощение. Колосс дрогнул. Поршни замедлили бег и застыли. Кварцевый цилиндр опустился на помост и раскрылся. Сюзанна сделала шаг и упала вам на руки. Она была худая и бледная, но она улыбалась. Стальной гигант склонил чугунную главу, пробив стену дворца, и в пролом ворвался морозный воздух. Вы вышли на набережную живого Петрограда. Сюзанна шла рядом, держась за ваш рукав. И где-то глубоко в трубах, затихая, прозвучал хрустальный голос Коринны: она передаёт — она тоже помнит солнце.

# Финал 2: Саботаж механика
заклинить клапан +клапан +ключ_подвала +_brand_heard +_poetess_heard : win Вы вставили стальной клапан в шестерни распределителя и вогнали его трёхгранным ключом. Зубья смяло. Скопившийся конденсат запер золотники — сокрушительный гидроудар разорвал паровые цилиндры. Грохот, облака пара. Вы бросились к колбе, обжигаясь кипятком, вытащили Сюзанну без сознания и вынесли сквозь пролом прямо на лёд Мойки. Она очнулась на ветру и тихо сказала: «Я знала, что ты придёшь». Дворец повержен, но город остался один на один с голодной зимой. Весной вы похоронили Бранда — сердце старика не выдержало зимы. Летом Вера умерла от тифа. Осенью вы поняли, что свобода — это тоже пайка, только её не выдают. Вы дожили вдвоём до следующей зимы. Этого мало, но это всё, что у вас осталось. Даже если в трубах ещё пела Коринна — вы не услышали её больше никогда.
заклинить клапан +клапан +ключ_подвала +_brand_heard -_poetess_heard : win Вы вставили стальной клапан в шестерни распределителя и вогнали его трёхгранным ключом. Зубья смяло. Скопившийся конденсат запер золотники — сокрушительный гидроудар разорвал паровые цилиндры. Грохот, облака пара. Вы бросились к колбе, обжигаясь кипятком, вытащили Сюзанну без сознания и вынесли сквозь пролом прямо на лёд Мойки. Она очнулась на ветру и тихо сказала: «Я знала, что ты придёшь». Дворец повержен, но город остался один на один с голодной зимой. Весной вы похоронили Бранда — сердце старика не выдержало зимы. Осенью вы поняли, что свобода — это тоже пайка, только её не выдают. Вы дожили вдвоём до следующей зимы. Этого мало, но это всё, что у вас осталось. Даже если в трубах ещё пела Коринна — вы не услышали её больше никогда.
заклинить клапан +клапан +ключ_подвала -_brand_heard +_poetess_heard : win Вы вставили стальной клапан в шестерни распределителя и вогнали его трёхгранным ключом. Зубья смяло. Скопившийся конденсат запер золотники — сокрушительный гидроудар разорвал паровые цилиндры. Грохот, облака пара. Вы бросились к колбе, обжигаясь кипятком, вытащили Сюзанну без сознания и вынесли сквозь пролом прямо на лёд Мойки. Она очнулась на ветру и тихо сказала: «Я знала, что ты придёшь». Дворец повержен, но город остался один на один с голодной зимой. Летом Вера умерла от тифа. Осенью вы поняли, что свобода — это тоже пайка, только её не выдают. Вы дожили вдвоём до следующей зимы. Этого мало, но это всё, что у вас осталось. Даже если в трубах ещё пела Коринна — вы не услышали её больше никогда.
заклинить клапан +клапан +ключ_подвала -_brand_heard -_poetess_heard : win Вы вставили стальной клапан в шестерни распределителя и вогнали его трёхгранным ключом. Зубья смяло. Скопившийся конденсат запер золотники — сокрушительный гидроудар разорвал паровые цилиндры. Грохот, облака пара. Вы бросились к колбе, обжигаясь кипятком, вытащили Сюзанну без сознания и вынесли сквозь пролом прямо на лёд Мойки. Она очнулась на ветру и тихо сказала: «Я знала, что ты придёшь». Дворец повержен, но город остался один на один с голодной зимой. Осенью вы поняли, что свобода — это тоже пайка, только её не выдают. Вы дожили вдвоём до следующей зимы. Этого мало, но это всё, что у вас осталось. Даже если в трубах ещё пела Коринна — вы не услышали её больше никогда.

# Финал 3: Преображение материи
вложить стихи +поэма +_corinna_awake : win Кукла бесшумно выступила из тени паропроводных труб. Она приняла листок и заправила его в приёмный валик органа. Грохот гидравлики сменился хрустальным перезвоном колокольчиков, а затем — шумом прибоя. Каменные своды темницы растаяли лёгким туманом. Вы стоите на прогретом солнцем молу Зурбагана. Пахнет просмолёнными канатами, апельсинами и морем. Рядом с вами открывает глаза живая, улыбающаяся Сюзанна — та, которую вы знали до Банка. И над молом, чуть слышно, звенит хрустальный голос Коринны: она передаёт — она тоже помнит солнце.

room зурбаган Зурбаган (Пространство мечты)
: Знойный полдень над гаванью. Пахнет просмолёнными канатами, апельсинами и морем. Белые паруса бригантин колышутся на лазурной воде. Здесь нет пайков, тифозной сыпи, доносчиков и шестерёнок мёртвого короля. Но в этом солнечном покое вы одни: Сюзанны здесь нет, и полдень кажется призрачным и неполным. Позади — сияющая арка, ведущая обратно в архив.
осмотреть море : Бирюзовая гладь уходит к самому горизонту, где тает дымок далёкого парохода.
осмотреть гавань : Моряки в холщовых рубахах катят бочки с мускатом, с террасы кофейни доносится перебор мандолины. Здесь не бывает болезней.
остаться навсегда : win Вы бросили морозный ад Петрограда, оставшись на залитой солнцем пристани в вечном сияющем полдне. Иногда вам кажется, что нужно вспомнить что-то важное. Но это проходит. Здесь всегда полдень и никогда не бывает ночи.
вернуться в архив +поэма : go архив Вы бережно спрятали листок с поэмой у сердца. Золотое сияние погасло, вернув вас в стылую полутьму архива перед лицом решающей битвы.
# The tutorial, written by hand in the project format. See doc/grammar.md.
# rats.script and field.script are generated instead; this one is not.
#
# The last room has a command of three words, so the palette is seen growing a slot
# as well as staying at two.

start офис

room офис Офис лектора

: Утро перед лекцией. Конспекты заперты в сейфе, а код остался в библиотеке.
-ключ: На столе лежит ключ от библиотечного архива.
-_Сейф_открыт: В углу стоит закрытый сейф.
+_Сейф_открыт: Дверца сейфа распахнута.
взять ключ -ключ: +ключ Ты взял ключ от архива.
открыть сейф -записка -_Сейф_открыт: Нужен код.
открыть сейф +записка -_Сейф_открыт: +_Сейф_открыт Код 5678 подошёл. Сейф щёлкнул.
взять конспекты -_Сейф_открыт: Сначала нужно открыть сейф.
взять конспекты +_Сейф_открыт -конспекты: +конспекты Конспекты спасены.
идти холл: go холл Ты вышел в холл.
идти улица: end Ты ушёл домой. Лекцию пришлось отменить.

room холл Холл университета

: В холле полумрак.
-фонарик: У стойки администратора лежит фонарик.
+_Свет: Луч фонарика освещает дверь библиотеки и терминал у аудитории.
взять фонарик -фонарик: +фонарик Фонарик у тебя.
включить фонарик -фонарик: Сначала найди фонарик.
включить фонарик +фонарик -_Свет: +_Свет Луч света разрезал темноту.
идти библиотека -_Свет: end В темноте ты сбился с пути и опоздал на лекцию.
идти библиотека +_Свет -ключ: Дверь библиотеки заперта. Нужен ключ.
идти библиотека +_Свет +ключ: go библиотека Ты открыл дверь и вошёл в библиотеку.
идти офис: go офис Ты вернулся в офис.
идти аудитория -карта: end Терминал мигнул красным. Без карты не пройти, время упущено.
идти аудитория +карта: go аудитория Карта пискнула, дверь в аудиторию открылась.

room библиотека Университетская библиотека

: Между стеллажами тихо, только телефон вибрирует на столе.
-записка: На столе лежит записка с кодом.
-карта: Под книгой виднеется карта доступа.
-_Звонок_принят: Телефон мигает: это ассистент.
взять записка -записка: +записка На записке написано: 'Сейф в офисе - 5678'.
взять карта -карта: +карта Ты взял карту доступа в аудиторию.
ответить телефон -_Звонок_принят: +_Звонок_принят Ассистент шепчет: 'До начала пять минут!'
идти холл: go холл Ты вышел обратно в холл.

room аудитория Аудитория

: Студенты уже ждут. На первом ряду сидит декан.
начать лекция -конспекты: end Ты вышел к студентам без конспектов. Неловкая пауза затянулась.
начать лекция +конспекты: win Ты открыл конспекты и начал лекцию вовремя. Даже декан довольно кивает.
показать конспекты декан -конспекты: Ты потянулся к доске, но в руках пусто.
показать конспекты декан +конспекты: Декан принимает конспекты и рассаживает студентов.
идти холл: go холл Ты снова в холле.
